# Name,SeqName,Depth,Core
Blank_S2,Blank_S2,B,B
CB06_blnk_70,CB06_blnk_70,B,B
CB08_blnk_66,CB08_blnk_66,B,B
CB08_blnk_67,CB08_blnk_67,B,B
CB08_blnk_68,CB08_blnk_68,B,B
CB10_blnk_86,CB10_blnk_86,B,B
CB11_blnk_20,CB11_blnk_20,B,B
CB11_blnk_46,CB11_blnk_46,B,B
CB14_blnk_94,CB14_blnk_94,B,B
CB14_blnk_95,CB14_blnk_95,B,B
CB14_blnk_96,CB14_blnk_96,B,B
CB15_blnk_21,CB15_blnk_21,B,B
CB15_blnk_22,CB15_blnk_22,B,B
CB15_blnk_81,CB15_blnk_81,B,B
CB15_blnk_82,CB15_blnk_82,B,B
CB15_blnk_94,CB15_blnk_94,B,B
GS10_PC12_1766,GS10_PC12_71,1766,1
GS10_PC12_1706,GS10_PC12_72,1706,1
GS10_PC12_1646,GS10_PC12_73,1646,1
GS10_PC12_1586,GS10_PC12_74,1586,1
GS10_PC12_1466,GS10_PC12_75,1466,1
GS10_PC12_1436,GS10_PC12_76,1436,1
GS10_PC12_1406,GS10_PC12_77,1406,1
GS10_PC12_1346,GS10_PC12_78,1346,1
GS10_PC12_1256,GS10_PC12_79,1256,1
GS10_PC12_1226,GS10_PC12_80,1226,1
GS10_PC12_1166,GS10_PC12_81,1166,1
GS10_PC12_1106,GS10_PC12_82,1106,1
GS10_PC12_1046,GS10_PC12_83,1046,1
GS10_PC12_986,GS10_PC12_84,986,1
GS10_PC12_926,GS10_PC12_85,926,1
GS10_PC12_806,GS10_PC12_86,806,1
GS10_PC12_746,GS10_PC12_87,746,1
GS10_PC12_686,GS10_PC12_88,686,1
GS10_PC12_626,GS10_PC12_89,626,1
GS10_PC12_566,GS10_PC12_90,566,1
GS10_PC12_506,GS10_PC12_91,506,1
GS10_PC12_446,GS10_PC12_92,446,1
GS10_PC12_386,GS10_PC12_93,386,1
GS10_PC12_326,GS10_PC12_94,326,1
GS10_PC12_266,GS10_PC12_95,266,1
GS10_PC12_206,GS10_PC12_96,206,1
GS13_CC02_5,GS13_CC02_33,5,2
GS13_CC02_10,GS13_CC02_34,10,2
GS13_CC02_80,GS13_CC02_35,80,2
GS13_CC02_50,GS13_CC02_36,50,2
GS13_CC02_130,GS13_CC02_37,130,2
GS13_CC02_180,GS13_CC02_38,180,2
GS13_CC02_230,GS13_CC02_39,230,2
GS13_CC02_280,GS13_CC02_40,280,2
GS13_CC02_330,GS13_CC02_41,330,2
GS13_CC02_380,GS13_CC02_42,380,2
GS13_CC02_480,GS13_CC02_43,480,2
GS13_CC02_630,GS13_CC02_44,630,2
GS13_CC02_780,GS13_CC02_45,780,2
GS13_CC02_930,GS13_CC02_46,930,2
GS13_CC02_1080,GS13_CC02_47,1080,2
GS13_CC02_1230,GS13_CC02_48,1230,2
GS13_CC02_1280,GS13_CC02_49,1280,2
GS13_CC02_1380,GS13_CC02_50,1380,2
GS13_CC02_1480,GS13_CC02_51,1480,2
GS13_CC02_1530,GS13_CC02_52,1530,2
GS13_CC02_1630,GS13_CC02_53,1630,2
GS13_CC02_1680,GS13_CC02_54,1680,2
GS13_CC02_1780,GS13_CC02_55,1780,2
GS13_CC02_1880,GS13_CC02_56,1880,2
GS14_GC02_10,GS14_GC02_57,10,3
GS14_GC02_20,GS14_GC02_58,20,3
GS14_GC02_30,GS14_GC02_59,30,3
GS14_GC02_40,GS14_GC02_60,40,3
GS14_GC02_50,GS14_GC02_61,50,3
GS14_GC02_65,GS14_GC02_62,65,3
GS14_GC02_75,GS14_GC02_63,75,3
GS14_GC02_100,GS14_GC02_64,100,3
GS14_GC02_130,GS14_GC02_65,130,3
GS14_GC02_160,GS14_GC02_66,160,3
GS14_GC02_175,GS14_GC02_67,175,3
GS14_GC02_190,GS14_GC02_68,190,3
GS14_GC02_215,GS14_GC02_69,215,3
GS14_GC04_5,GS14_GC04_34,5,4
GS14_GC04_9,GS14_GC04_35,9,4
GS14_GC04_20,GS14_GC04_36,20,4
GS14_GC04_27,GS14_GC04_37,27,4
GS14_GC04_30,GS14_GC04_38,30,4
GS14_GC04_40,GS14_GC04_39,40,4
GS14_GC04_50,GS14_GC04_40,50,4
GS14_GC04_75,GS14_GC04_41,75,4
GS14_GC04_100,GS14_GC04_42,100,4
GS14_GC04_115,GS14_GC04_43,115,4
GS14_GC04_130,GS14_GC04_44,130,4
GS14_GC04_160,GS14_GC04_45,160,4
GS14_GC04_190,GS14_GC04_46,190,4
GS14_GC04_220,GS14_GC04_47,220,4
GS14_GC04_230,GS14_GC04_48,230,4
GS14_GC08_10,GS14_GC08_49,10,5
GS14_GC08_20,GS14_GC08_50,20,5
GS14_GC08_30,GS14_GC08_51,30,5
GS14_GC08_40,GS14_GC08_52,40,5
GS14_GC08_50,GS14_GC08_53,50,5
GS14_GC08_75,GS14_GC08_54,75,5
GS14_GC08_100,GS14_GC08_55,100,5
GS14_GC08_130,GS14_GC08_56,130,5
GS14_GC08_160,GS14_GC08_57,160,5
GS14_GC08_190,GS14_GC08_58,190,5
GS14_GC08_220,GS14_GC08_59,220,5
GS14_GC08_250,GS14_GC08_60,250,5
GS14_GC08_280,GS14_GC08_61,280,5
GS14_GC08_292,GS14_GC08_62,292,5
GS14_GC08_340,GS14_GC08_63,340,5
GS14_GC09_10,GS14_GC09_64,10,6
GS14_GC09_20,GS14_GC09_65,20,6
GS14_GC09_28,GS14_GC09_66,28,6
GS14_GC09_30,GS14_GC09_67,30,6
GS14_GC09_40,GS14_GC09_68,40,6
GS14_GC09_50,GS14_GC09_69,50,6
GS14_GC09_75,GS14_GC09_70,75,6
GS14_GC09_100,GS14_GC09_71,100,6
GS14_GC09_130,GS14_GC09_72,130,6
GS14_GC09_160,GS14_GC09_73,160,6
GS14_GC09_190,GS14_GC09_74,190,6
GS14_GC12_10,GS14_GC12_75,10,7
GS14_GC12_20,GS14_GC12_76,20,7
GS14_GC12_30,GS14_GC12_77,30,7
GS14_GC12_40,GS14_GC12_78,40,7
GS14_GC12_50,GS14_GC12_79,50,7
GS14_GC12_75,GS14_GC12_80,75,7
GS14_GC12_100,GS14_GC12_81,100,7
GS14_GC12_130,GS14_GC12_82,130,7
GS14_GC12_160,GS14_GC12_83,160,7
GS14_GC12_175,GS14_GC12_84,175,7
GS14_GC12_190,GS14_GC12_85,190,7
GS14_GC12_220,GS14_GC12_86,220,7
GS14_GC12_250,GS14_GC12_87,250,7
GS14_GC12_280,GS14_GC12_88,280,7
GS14_GC12_310,GS14_GC12_89,310,7
GS14_GC12_340,GS14_GC12_90,340,7
GS14_GC12_357,GS14_GC12_91,357,7
GS14_GC14_1,GS14_GC14_04,1,20
GS14_GC14_7,GS14_GC14_05,7,20
NA1,GS14_GC14_06,nan,20
NA3,GS14_GC14_07,nan,20
GS14_GC14_20,GS14_GC14_08,20,20
GS14_GC14_50,GS14_GC14_10,50,20
GS14_GC14_100,GS14_GC14_11,100,20
GS14_GC14_200,GS14_GC14_13,200,20
NA2,GS14_GC14_14,nan,20
GS14_GC14_30,GS14_GC14_19,30,20
GS14_GC14_60,GS14_GC14_20,60,20
GS14_GC14_90,GS14_GC14_21,90,20
GS14_GC14_120,GS14_GC14_22,120,20
GS14_GC14_150,GS14_GC14_23,150,20
GS14_GC14_180,GS14_GC14_24,180,20
GS14_GC14_199,GS14_GC14_25,199,20
GS15_GC01_5,GS15_GC01_01,5,8
GS15_GC01_10,GS15_GC01_02,10,8
GS15_GC01_20,GS15_GC01_03,20,8
GS15_GC01_30,GS15_GC01_04,30,8
GS15_GC01_40,GS15_GC01_05,40,8
GS15_GC01_50,GS15_GC01_06,50,8
GS15_GC01_75,GS15_GC01_07,75,8
GS15_GC01_83,GS15_GC01_08,83,8
GS15_GC01_88,GS15_GC01_09,88,8
GS15_GC01_90,GS15_GC01_10,90,8
GS15_GC01_98,GS15_GC01_11,98,8
GS15_GC01_100,GS15_GC01_12,100,8
GS15_GC01_108,GS15_GC01_13,108,8
GS15_GC01_130,GS15_GC01_14,130,8
GS15_GC01_160,GS15_GC01_15,160,8
GS15_GC01_190,GS15_GC01_16,190,8
GS15_GC01_220,GS15_GC01_17,220,8
GS15_GC01_250,GS15_GC01_18,250,8
GS15_GC01_280,GS15_GC01_19,280,8
GS15_GC01_310,GS15_GC01_20,310,8
GS15_GC01_340,GS15_GC01_21,340,8
GS15_GC01_350,GS15_GC01_22,350,8
GS15_GC01_364,GS15_GC01_23,364,8
GS15_GC01_365,GS15_GC01_24,365,8
GS15_GC01_368,GS15_GC01_25,368,8
GS15_GC01_370,GS15_GC01_26,370,8
GS15_GC01_390,GS15_GC01_27,390,8
GS16_GC04_2,GS16_GC04_67,2,9
GS16_GC04_5,GS16_GC04_68,5,9
GS16_GC04_10,GS16_GC04_69,10,9
GS16_GC04_20,GS16_GC04_70,20,9
GS16_GC04_30,GS16_GC04_71,30,9
GS16_GC04_43,GS16_GC04_72,43,9
GS16_GC04_50,GS16_GC04_73,50,9
GS16_GC04_75,GS16_GC04_74,75,9
GS16_GC04_100,GS16_GC04_75,100,9
GS16_GC04_125,GS16_GC04_76,125,9
GS16_GC04_145,GS16_GC04_77,145,9
GS16_GC04_155,GS16_GC04_78,155,9
GS16_GC04_160,GS16_GC04_79,160,9
GS16_GC04_170,GS16_GC04_80,170,9
GS16_GC04_190,GS16_GC04_81,190,9
GS16_GC04_220,GS16_GC04_82,220,9
GS16_GC04_250,GS16_GC04_83,250,9
GS16_GC04_280,GS16_GC04_84,280,9
GS16_GC04_300,GS16_GC04_85,300,9
GS16_GC05_5,GS16_GC05_01,5,10
GS16_GC05_10,GS16_GC05_02,10,10
GS16_GC05_20,GS16_GC05_03,20,10
GS16_GC05_30,GS16_GC05_04,30,10
GS16_GC05_35,GS16_GC05_05,35,10
GS16_GC05_40,GS16_GC05_06,40,10
GS16_GC05_45,GS16_GC05_07,45,10
GS16_GC05_50,GS16_GC05_08,50,10
GS16_GC05_55,GS16_GC05_09,55,10
GS16_GC05_75,GS16_GC05_10,75,10
GS16_GC05_100,GS16_GC05_11,100,10
GS16_GC05_105,GS16_GC05_12,105,10
GS16_GC05_130,GS16_GC05_13,130,10
GS16_GC05_155,GS16_GC05_14,155,10
GS16_GC05_160,GS16_GC05_15,160,10
GS16_GC05_190,GS16_GC05_16,190,10
GS16_GC05_220,GS16_GC05_17,220,10
GS16_GC05_250,GS16_GC05_18,250,10
GS16_GC05_280,GS16_GC05_19,280,10
GS16_GC05_305,GS16_GC05_20,305,10
GS16_GC05_310,GS16_GC05_21,310,10
GS16_GC05_340,GS16_GC05_22,340,10
GS16_GC05_350,GS16_GC05_23,350,10
GS16_GC06_5,GS16_GC06_24,5,11
GS16_GC06_10,GS16_GC06_25,10,11
GS16_GC06_20,GS16_GC06_26,20,11
GS16_GC06_25,GS16_GC06_27,25,11
GS16_GC06_30,GS16_GC06_28,30,11
GS16_GC06_40,GS16_GC06_29,40,11
GS16_GC06_50,GS16_GC06_30,50,11
GS16_GC06_55,GS16_GC06_31,55,11
GS16_GC06_75,GS16_GC06_32,75,11
GS16_GC06_100,GS16_GC06_34,100,11
GS16_GC06_105,GS16_GC06_33,105,11
GS16_GC06_130,GS16_GC06_47,130,11
GS16_GC06_155,GS16_GC06_48,155,11
GS16_GC06_160,GS16_GC06_49,160,11
GS16_GC06_172,GS16_GC06_50,172,11
GS16_GC06_190,GS16_GC06_51,190,11
GS16_GC06_200,GS16_GC06_38,200,11
GS16_GC06_220,GS16_GC06_39,220,11
GS16_GC06_250,GS16_GC06_52,250,11
GS16_GC06_280,GS16_GC06_53,280,11
GS16_GC06_310,GS16_GC06_54,310,11
GS16_GC06_330,GS16_GC06_55,330,11
GS16_GC06_340,GS16_GC06_56,340,11
GS16_GC06_350,GS16_GC06_57,350,11
GS16_GC07_5,GS16_GC07_57,5,12
GS16_GC07_10,GS16_GC07_58,10,12
GS16_GC07_20,GS16_GC07_59,20,12
GS16_GC07_30,GS16_GC07_60,30,12
GS16_GC07_40,GS16_GC07_61,40,12
GS16_GC07_45,GS16_GC07_62,45,12
GS16_GC07_75,GS16_GC07_63,75,12
GS16_GC07_80,GS16_GC07_64,80,12
GS16_GC07_85,GS16_GC07_67,85,12
GS17_GC02_5,GS17_GC02_23,5,13
GS17_GC02_10,GS17_GC02_24,10,13
GS17_GC02_15,GS17_GC02_25,15,13
GS17_GC02_25,GS17_GC02_26,25,13
GS17_GC02_35,GS17_GC02_27,35,13
GS17_GC02_45,GS17_GC02_28,45,13
GS17_GC02_55,GS17_GC02_29,55,13
GS17_GC02_65,GS17_GC02_30,65,13
GS17_GC02_66,GS17_GC02_31,66,13
GS17_GC02_67,GS17_GC02_32,67,13
GS17_GC02_68,GS17_GC02_33,68,13
GS17_GC02_69,GS17_GC02_34,69,13
GS17_GC02_70,GS17_GC02_35,70,13
GS17_GC02_71,GS17_GC02_36,71,13
GS17_GC02_72,GS17_GC02_37,72,13
GS17_GC02_73,GS17_GC02_38,73,13
GS17_GC02_73.2,GS17_GC02_39,73.2,13
GS17_GC02_73.3,GS17_GC02_40,73.3,13
GS17_GC02_74,GS17_GC02_41,74,13
GS17_GC02_75,GS17_GC02_42,75,13
GS17_GC02_77,GS17_GC02_43,77,13
GS17_GC02_78,GS17_GC02_44,78,13
GS17_GC02_79,GS17_GC02_45,79,13
GS17_GC02_80,GS17_GC02_46,80,13
GS17_GC02_81,GS17_GC02_47,81,13
GS17_GC02_82,GS17_GC02_48,82,13
GS17_GC02_83,GS17_GC02_49,83,13
GS17_GC02_84,GS17_GC02_50,84,13
GS17_GC02_85,GS17_GC02_51,85,13
GS17_GC02_86,GS17_GC02_52,86,13
GS17_GC02_87,GS17_GC02_53,87,13
GS17_GC02_88,GS17_GC02_54,88,13
GS17_GC02_89,GS17_GC02_55,89,13
GS17_GC02_90,GS17_GC02_56,90,13
GS17_GC02_91,GS17_GC02_57,91,13
GS17_GC02_92,GS17_GC02_58,92,13
GS17_GC02_93,GS17_GC02_59,93,13
GS17_GC02_93.2,GS17_GC02_60,93.2,13
GS17_GC02_93.3,GS17_GC02_61,R,R
GS17_GC02_94,GS17_GC02_62,94,13
GS17_GC02_95,GS17_GC02_63,95,13
GS17_GC02_96,GS17_GC02_64,96,13
GS17_GC02_97,GS17_GC02_65,97,13
GS17_GC02_98,GS17_GC02_66,98,13
GS17_GC02_99,GS17_GC02_67,99,13
GS17_GC02_100,GS17_GC02_68,100,13
GS17_GC02_101,GS17_GC02_69,101,13
GS17_GC02_102,GS17_GC02_70,102,13
GS17_GC02_103,GS17_GC02_71,103,13
GS17_GC02_104,GS17_GC02_72,104,13
GS17_GC02_105,GS17_GC02_73,105,13
GS17_GC02_106,GS17_GC02_74,106,13
GS17_GC02_107,GS17_GC02_75,107,13
GS17_GC02_108,GS17_GC02_76,108,13
GS17_GC02_109,GS17_GC02_77,109,13
GS17_GC02_110,GS17_GC02_78,110,13
GS17_GC02_111,GS17_GC02_79,111,13
GS17_GC02_112,GS17_GC02_80,112,13
GS17_GC02_113,GS17_GC02_83,113,13
GS17_GC02_114,GS17_GC02_84,114,13
GS17_GC02_114.5,GS17_GC02_85,114.5,13
GS17_GC02_115,GS17_GC02_86,115,13
GS17_GC02_125,GS17_GC02_87,125,13
GS17_GC02_135,GS17_GC02_88,135,13
GS17_GC02_150,GS17_GC02_89,150,13
GS17_GC02_170,GS17_GC02_90,170,13
GS17_GC02_190,GS17_GC02_91,190,13
GS17_GC02_210,GS17_GC02_92,210,13
GS17_GC02_240,GS17_GC02_93,240,13
GS17_GC04_3,GS17_GC04_01,3,14
GS17_GC04_10,GS17_GC04_02,10,14
GS17_GC04_20,GS17_GC04_03,20,14
GS17_GC04_30,GS17_GC04_04,30,14
GS17_GC04_40,GS17_GC04_05,40,14
GS17_GC04_50,GS17_GC04_06,50,14
GS17_GC04_60,GS17_GC04_07,60,14
GS17_GC04_75,GS17_GC04_08,75,14
GS17_GC04_90,GS17_GC04_09,90,14
GS17_GC04_91,GS17_GC04_10,91,14
GS17_GC04_92,GS17_GC04_11,92,14
GS17_GC04_93,GS17_GC04_12,93,14
GS17_GC04_94,GS17_GC04_13,94,14
GS17_GC04_95,GS17_GC04_14,95,14
GS17_GC04_96,GS17_GC04_15,96,14
GS17_GC04_97,GS17_GC04_16,97,14
GS17_GC04_98,GS17_GC04_17,98,14
GS17_GC04_99,GS17_GC04_18,99,14
GS17_GC04_100,GS17_GC04_19,100,14
GS17_GC04_101,GS17_GC04_20,101,14
GS17_GC04_110,GS17_GC04_21,110,14
GS17_GC04_103,GS17_GC04_22,103,14
GS17_GC04_104,GS17_GC04_23,104,14
GS17_GC04_105,GS17_GC04_24,105,14
GS17_GC04_106,GS17_GC04_25,106,14
GS17_GC04_107,GS17_GC04_26,107,14
GS17_GC04_108,GS17_GC04_27,108,14
GS17_GC04_109,GS17_GC04_28,109,14
GS17_GC04_102,GS17_GC04_29,102,14
GS17_GC04_111,GS17_GC04_30,111,14
GS17_GC04_112,GS17_GC04_31,112,14
GS17_GC04_113,GS17_GC04_32,113,14
GS17_GC04_114,GS17_GC04_33,114,14
GS17_GC04_115,GS17_GC04_34,115,14
GS17_GC04_116,GS17_GC04_35,116,14
GS17_GC04_117,GS17_GC04_36,117,14
GS17_GC04_118,GS17_GC04_37,118,14
GS17_GC04_119,GS17_GC04_38,119,14
GS17_GC04_120,GS17_GC04_39,120,14
GS17_GC04_121,GS17_GC04_40,121,14
GS17_GC04_122,GS17_GC04_41,122,14
GS17_GC04_123,GS17_GC04_42,123,14
GS17_GC04_124,GS17_GC04_43,124,14
GS17_GC04_125,GS17_GC04_44,125,14
GS17_GC04_126,GS17_GC04_45,126,14
GS17_GC04_127,GS17_GC04_46,127,14
GS17_GC04_128,GS17_GC04_47,128,14
GS17_GC04_129,GS17_GC04_48,129,14
GS17_GC04_130,GS17_GC04_49,130,14
GS17_GC04_131,GS17_GC04_50,131,14
GS17_GC04_132,GS17_GC04_51,132,14
GS17_GC04_133,GS17_GC04_52,133,14
GS17_GC04_134,GS17_GC04_53,134,14
GS17_GC04_135,GS17_GC04_54,135,14
GS17_GC04_136,GS17_GC04_55,136,14
GS17_GC04_137,GS17_GC04_56,137,14
GS17_GC04_138,GS17_GC04_57,138,14
GS17_GC04_139,GS17_GC04_58,139,14
GS17_GC04_140,GS17_GC04_59,140,14
GS17_GC04_141,GS17_GC04_60,141,14
GS17_GC04_142,GS17_GC04_61,142,14
GS17_GC04_143,GS17_GC04_62,143,14
GS17_GC04_144,GS17_GC04_63,144,14
GS17_GC04_145,GS17_GC04_64,145,14
GS17_GC04_146,GS17_GC04_65,146,14
GS17_GC04_147,GS17_GC04_66,147,14
GS17_GC04_148,GS17_GC04_67,148,14
GS17_GC04_149,GS17_GC04_68,149,14
GS17_GC04_150,GS17_GC04_69,150,14
GS17_GC04_165,GS17_GC04_70,165,14
GS17_GC04_210,GS17_GC04_71,210,14
GS17_GC04_240,GS17_GC04_72,240,14
GS17_GC04_241,GS17_GC04_73,241,14
GS17_GC04_242,GS17_GC04_74,242,14
GS17_GC04_243,GS17_GC04_75,243,14
GS17_GC04_244,GS17_GC04_76,244,14
GS17_GC04_245,GS17_GC04_77,245,14
GS17_GC04_246,GS17_GC04_78,246,14
GS17_GC04_247,GS17_GC04_79,247,14
GS17_GC04_248,GS17_GC04_80,248,14
GS17_GC04_249,GS17_GC04_81,249,14
GS17_GC04_250,GS17_GC04_82,250,14
GS17_GC04_250.5,GS17_GC04_83,250.5,14
GS17_GC04_252,GS17_GC04_84,252,14
GS17_GC04_253,GS17_GC04_85,253,14
GS17_GC04_254,GS17_GC04_86,254,14
GS17_GC04_255,GS17_GC04_87,255,14
GS17_GC04_256,GS17_GC04_88,256,14
GS17_GC04_257,GS17_GC04_89,257,14
GS17_GC04_258,GS17_GC04_90,258,14
GS17_GC04_259,GS17_GC04_91,259,14
GS17_GC04_260,GS17_GC04_92,260,14
GS17_GC04_290,GS17_GC04_93,290,14
GS17_GC05_05,GS17_GC05_01,5,15
GS17_GC05_10,GS17_GC05_02,10,15
GS17_GC05_20,GS17_GC05_03,20,15
GS17_GC05_30,GS17_GC05_04,30,15
GS17_GC05_40,GS17_GC05_05,40,15
GS17_GC05_50,GS17_GC05_06,50,15
GS17_GC05_75,GS17_GC05_07,75,15
GS17_GC05_100,GS17_GC05_08,100,15
GS17_GC05_125,GS17_GC05_09,125,15
GS17_GC05_150,GS17_GC05_10,150,15
GS17_GC05_175,GS17_GC05_11,175,15
GS17_GC05_200,GS17_GC05_12,200,15
GS17_GC05_225,GS17_GC05_13,225,15
GS17_GC05_250,GS17_GC05_14,250,15
GS17_GC05_275,GS17_GC05_15,275,15
GS17_GC05_300,GS17_GC05_16,300,15
GS17_GC05_325,GS17_GC05_17,325,15
GS17_GC05_350,GS17_GC05_18,350,15
GS17_GC05_375,GS17_GC05_19,375,15
GS17_GC05_400,GS17_GC05_20,400,15
GS19_GC10_001_E1_S1,GS19_GC10_001_E1_S1,R,17
GS19_GC10_001_E1_S2,GS19_GC10_001_E1_S2,1,17
GS19_GC10_002_E1_S1,GS19_GC10_002_E1_S1,R,17
GS19_GC10_002_E1_S2,GS19_GC10_002_E1_S2,2,17
GS19_GC10_003_E1_S1,GS19_GC10_003_E1_S1,R,17
GS19_GC10_003_E1_S2,GS19_GC10_003_E1_S2,3,17
GS19_GC10_004_E1_S1,GS19_GC10_004_E1_S1,R,17
GS19_GC10_004_E1_S2,GS19_GC10_004_E1_S2,4,17
GS19_GC10_005_E1_S1,GS19_GC10_005_E1_S1,R,17
GS19_GC10_005_E1_S2,GS19_GC10_005_E1_S2,5,17
GS19_GC10_005_E2_S1,GS19_GC10_005_E2_S1,5,17
GS19_GC10_006_E1_S1,GS19_GC10_006_E1_S1,6,17
GS19_GC10_007_E1_S1,GS19_GC10_007_E1_S1,7,17
GS19_GC10_008_E1_S1,GS19_GC10_008_E1_S1,R,17
GS19_GC10_008_E1_S2,GS19_GC10_008_E1_S2,R,17
GS19_GC10_008_E2_S1,GS19_GC10_008_E2_S1,8,17
GS19_GC10_009_E1_S1,GS19_GC10_009_E1_S1,R,17
GS19_GC10_009_E2_S1,GS19_GC10_009_E2_S1,9,17
GS19_GC10_010_E1_S1,GS19_GC10_010_E1_S1,10,17
GS19_GC10_011_E1_S1,GS19_GC10_011_E1_S1,11,17
GS19_GC10_012_E1_S1,GS19_GC10_012_E1_S1,12,17
GS19_GC10_013_E1_S1,GS19_GC10_013_E1_S1,13,17
GS19_GC10_014_E1_S1,GS19_GC10_014_E1_S1,14,17
GS19_GC10_015_E1_S1,GS19_GC10_015_E1_S1,R,17
GS19_GC10_015_E1_S2,GS19_GC10_015_E1_S2,15,17
GS19_GC10_016_E1_S1,GS19_GC10_016_E1_S1,R,17
GS19_GC10_016_E1_S2,GS19_GC10_016_E1_S2,16,17
GS19_GC10_017_E1_S1,GS19_GC10_017_E1_S1,R,17
GS19_GC10_017_E2_S1,GS19_GC10_017_E2_S1,17,17
GS19_GC10_018_E1_S1,GS19_GC10_018_E1_S1,18,17
GS19_GC10_019_E1_S1,GS19_GC10_019_E1_S1,R,17
GS19_GC10_019_E1_S2,GS19_GC10_019_E1_S2,19,17
GS19_GC10_019_E2_S1,GS19_GC10_019_E2_S1,R,R
GS19_GC10_020_E1_S1,GS19_GC10_020_E1_S1,20,17
GS19_GC10_021_E1_S1,GS19_GC10_021_E1_S1,21,17
GS19_GC10_022_E1_S1,GS19_GC10_022_E1_S1,22,17
GS19_GC10_023_E1_S1,GS19_GC10_023_E1_S1,23,17
GS19_GC10_024_E1_S1,GS19_GC10_024_E1_S1,24,17
GS19_GC10_025_E1_S1,GS19_GC10_025_E1_S1,25,17
GS19_GC10_026_E1_S1,GS19_GC10_026_E1_S1,R,R
GS19_GC10_026_E1_S2,GS19_GC10_026_E1_S2,26,17
GS19_GC10_027_E1_S1,GS19_GC10_027_E1_S1,27,17
GS19_GC10_028_E1_S1,GS19_GC10_028_E1_S1,28,17
GS19_GC10_028_E2_S1,GS19_GC10_028_E2_S1,R,17
GS19_GC10_029_E1_S1,GS19_GC10_029_E1_S1,29,17
GS19_GC10_030_E1_S1,GS19_GC10_030_E1_S1,30,17
GS19_GC10_031_E1_S1,GS19_GC10_031_E1_S1,R,17
GS19_GC10_031_E2_S1,GS19_GC10_031_E2_S1,31,17
GS19_GC10_032_E1_S1,GS19_GC10_032_E1_S1,R,R
GS19_GC10_032_E2_S1,GS19_GC10_032_E2_S1,32,17
GS19_GC10_033_E1_S1,GS19_GC10_033_E1_S1,R,17
GS19_GC10_033_E2_S1,GS19_GC10_033_E2_S1,33,17
GS19_GC10_034_E1_S1,GS19_GC10_034_E1_S1,R,17
GS19_GC10_034_E2_S1,GS19_GC10_034_E2_S1,34,17
GS19_GC10_035_E1_S1,GS19_GC10_035_E1_S1,35,17
GS19_GC10_036_E1_S1,GS19_GC10_036_E1_S1,36,17
GS19_GC10_037_E1_S1,GS19_GC10_037_E1_S1,37,17
GS19_GC10_038_E1_S1,GS19_GC10_038_E1_S1,R,17
GS19_GC10_038_E2_S1,GS19_GC10_038_E2_S1,38,17
GS19_GC10_039_E1_S1,GS19_GC10_039_E1_S1,39,17
GS19_GC10_039_E2_S1,GS19_GC10_039_E2_S1,R,R
GS19_GC10_040_E1_S1,GS19_GC10_040_E1_S1,R,R
GS19_GC10_040_E2_S1,GS19_GC10_040_E2_S1,40,17
GS19_GC10_041_E1_S1,GS19_GC10_041_E1_S1,R,17
GS19_GC10_041_E2_S1,GS19_GC10_041_E2_S1,41,17
GS19_GC10_042_E1_S1,GS19_GC10_042_E1_S1,42,17
GS19_GC10_043_E1_S1,GS19_GC10_043_E1_S1,43,17
GS19_GC10_044_E1_S1,GS19_GC10_044_E1_S1,44,17
GS19_GC10_045_E1_S1,GS19_GC10_045_E1_S1,45,17
GS19_GC10_046_E1_S1,GS19_GC10_046_E1_S1,46,17
GS19_GC10_047_E1_S1,GS19_GC10_047_E1_S1,47,17
GS19_GC10_048_E1_S1,GS19_GC10_048_E1_S1,48,17
GS19_GC10_049_E1_S1,GS19_GC10_049_E1_S1,49,17
GS19_GC10_050_E1_S1,GS19_GC10_050_E1_S1,50,17
GS19_GC10_051_E1_S1,GS19_GC10_051_E1_S1,51,17
GS19_GC10_051_E2_S1,GS19_GC10_051_E2_S1,R,R
GS19_GC10_052_E1_S1,GS19_GC10_052_E1_S1,52,17
GS19_GC10_053_E1_S1,GS19_GC10_053_E1_S1,53,17
GS19_GC10_053_E2_S1,GS19_GC10_053_E2_S1,R,R
GS19_GC10_054_E1_S1,GS19_GC10_054_E1_S1,R,17
GS19_GC10_054_E2_S1,GS19_GC10_054_E2_S1,54,17
GS19_GC10_055_E1_S1,GS19_GC10_055_E1_S1,55,17
GS19_GC10_056_E1_S1,GS19_GC10_056_E1_S1,56,17
GS19_GC10_057_E1_S1,GS19_GC10_057_E1_S1,57,17
GS19_GC10_058_E1_S1,GS19_GC10_058_E1_S1,58,17
GS19_GC10_059_E1_S1,GS19_GC10_059_E1_S1,59,17
GS19_GC10_060_E1_S1,GS19_GC10_060_E1_S1,R,17
GS19_GC10_060_E1_S2,GS19_GC10_060_E1_S2,60,17
GS19_GC10_061_E1_S1,GS19_GC10_061_E1_S1,R,17
GS19_GC10_061_E1_S2,GS19_GC10_061_E1_S2,61,17
GS19_GC10_062_E1_S1,GS19_GC10_062_E1_S1,62,17
GS19_GC10_063_E1_S1,GS19_GC10_063_E1_S1,63,17
GS19_GC10_064_E1_S1,GS19_GC10_064_E1_S1,64,17
GS19_GC10_065_E1_S1,GS19_GC10_065_E1_S1,65,17
GS19_GC10_066_E1_S1,GS19_GC10_066_E1_S1,R,17
GS19_GC10_066_E2_S1,GS19_GC10_066_E2_S1,66,17
GS19_GC10_067_E1_S1,GS19_GC10_067_E1_S1,67,17
GS19_GC10_068_E1_S1,GS19_GC10_068_E1_S1,R,17
GS19_GC10_068_E2_S1,GS19_GC10_068_E2_S1,68,17
GS19_GC10_069_E2_S1,GS19_GC10_069_E2_S1,69,17
GS19_GC10_070_E1_S1,GS19_GC10_070_E1_S1,R,17
GS19_GC10_070_E2_S1,GS19_GC10_070_E2_S1,70,17
GS19_GC10_071_E1_S1,GS19_GC10_071_E1_S1,71,17
GS19_GC10_072_E1_S1,GS19_GC10_072_E1_S1,72,17
GS19_GC10_073_E1_S1,GS19_GC10_073_E1_S1,73,17
GS19_GC10_074_E1_S1,GS19_GC10_074_E1_S1,74,17
GS19_GC10_075_E1_S1,GS19_GC10_075_E1_S1,75,17
GS19_GC10_076_E1_S1,GS19_GC10_076_E1_S1,76,17
GS19_GC10_077_E1_S1,GS19_GC10_077_E1_S1,77,17
GS19_GC10_078_E1_S1,GS19_GC10_078_E1_S1,78,17
GS19_GC10_079_E1_S1,GS19_GC10_079_E1_S1,79,17
GS19_GC10_080_E1_S1,GS19_GC10_080_E1_S1,80,17
GS19_GC10_081_E1_S1,GS19_GC10_081_E1_S1,81,17
GS19_GC10_082_E1_S1,GS19_GC10_082_E1_S1,82,R
GS19_GC10_083_E1_S1,GS19_GC10_083_E1_S1,R,17
GS19_GC10_083_E1_S2,GS19_GC10_083_E1_S2,83,17
GS19_GC10_084_E1_S1,GS19_GC10_084_E1_S1,84,17
GS19_GC10_085_E1_S1,GS19_GC10_085_E1_S1,85,17
GS19_GC10_086_E1_S1,GS19_GC10_086_E1_S1,86,17
GS19_GC10_087_E1_S1,GS19_GC10_087_E1_S1,87,17
GS19_GC10_088_E1_S1,GS19_GC10_088_E1_S1,R,17
GS19_GC10_088_E2_S1,GS19_GC10_088_E2_S1,88,17
GS19_GC10_089_E2_S1,GS19_GC10_089_E2_S1,R,R
GS19_GC10_089_E2_S2,GS19_GC10_089_E2_S2,89,17
GS19_GC10_090_E1_S1,GS19_GC10_090_E1_S1,90,17
GS19_GC10_091_E1_S1,GS19_GC10_091_E1_S1,91,17
GS19_GC10_092_E1_S1,GS19_GC10_092_E1_S1,92,17
GS19_GC10_093_E1_S1,GS19_GC10_093_E1_S1,93,17
GS19_GC10_094_E1_S1,GS19_GC10_094_E1_S1,94,17
GS19_GC10_095_E1_S1,GS19_GC10_095_E1_S1,95,17
GS19_GC10_096_E1_S1,GS19_GC10_096_E1_S1,96,17
GS19_GC10_097_E1_S1,GS19_GC10_097_E1_S1,97,17
GS19_GC10_098_E1_S1,GS19_GC10_098_E1_S1,98,17
GS19_GC10_099_E1_S1,GS19_GC10_099_E1_S1,99,17
GS19_GC10_100_E1_S1,GS19_GC10_100_E1_S1,100,17
GS19_GC10_101_E1_S1,GS19_GC10_101_E1_S1,101,17
GS19_GC10_102_E1_S1,GS19_GC10_102_E1_S1,102,17
GS19_GC10_103_E1_S1,GS19_GC10_103_E1_S1,103,17
GS19_GC10_104_E1_S1,GS19_GC10_104_E1_S1,104,17
GS19_GC10_105_E1_S1,GS19_GC10_105_E1_S1,105,17
GS19_GC10_106_E1_S1,GS19_GC10_106_E1_S1,106,17
GS19_GC10_107_E1_S1,GS19_GC10_107_E1_S1,107,17
GS19_GC10_108_E1_S1,GS19_GC10_108_E1_S1,108,17
GS19_GC10_109_E1_S1,GS19_GC10_109_E1_S1,109,17
GS19_GC10_110_E1_S1,GS19_GC10_110_E1_S1,R,17
GS19_GC10_110_E2_S1,GS19_GC10_110_E2_S1,110,17
GS19_GC10_111_E1_S1,GS19_GC10_111_E1_S1,111,17
GS19_GC10_112_E1_S1,GS19_GC10_112_E1_S1,112,17
GS19_GC10_113_E1_S1,GS19_GC10_113_E1_S1,113,17
GS19_GC10_114_E1_S1,GS19_GC10_114_E1_S1,114,17
GS19_GC10_115_E1_S1,GS19_GC10_115_E1_S1,115,17
GS19_GC10_116_E1_S1,GS19_GC10_116_E1_S1,116,17
GS19_GC10_117_E1_S1,GS19_GC10_117_E1_S1,117,17
GS19_GC10_118_E1_S1,GS19_GC10_118_E1_S1,118,17
GS19_GC10_119_E1_S1,GS19_GC10_119_E1_S1,119,17
GS19_GC10_120_E1_S1,GS19_GC10_120_E1_S1,120,17
GS19_GC10_121_E1_S1,GS19_GC10_121_E1_S1,121,17
GS19_GC10_122_E1_S1,GS19_GC10_122_E1_S1,122,17
GS19_GC10_123_E1_S1,GS19_GC10_123_E1_S1,123,17
GS19_GC10_124_E1_S1,GS19_GC10_124_E1_S1,124,17
GS19_GC10_125_E1_S1,GS19_GC10_125_E1_S1,125,17
GS19_GC10_126_E1_S1,GS19_GC10_126_E1_S1,126,17
GS19_GC10_127_E1_S1,GS19_GC10_127_E1_S1,127,17
GS19_GC10_128_E1_S1,GS19_GC10_128_E1_S1,128,17
GS19_GC10_129_E1_S1,GS19_GC10_129_E1_S1,129,17
GS19_GC10_130_E1_S1,GS19_GC10_130_E1_S1,130,17
GS19_GC10_131_E1_S1,GS19_GC10_131_E1_S1,131,17
GS19_GC10_132_E1_S1,GS19_GC10_132_E1_S1,132,17
GS19_GC10_133_E1_S1,GS19_GC10_133_E1_S1,R,17
GS19_GC10_133_E2_S1,GS19_GC10_133_E2_S1,133,17
GS19_GC10_134_E1_S1,GS19_GC10_134_E1_S1,134,17
GS19_GC10_135_E1_S1,GS19_GC10_135_E1_S1,135,17
GS19_GC10_135_E1_S2,GS19_GC10_135_E1_S2,135,17
GS19_GC10_136_E1_S1,GS19_GC10_136_E1_S1,136,17
GS19_GC10_137_E1_S1,GS19_GC10_137_E1_S1,R,17
GS19_GC10_137_E1_S2,GS19_GC10_137_E1_S2,137,17
GS19_GC10_138_E1_S1,GS19_GC10_138_E1_S1,R,17
GS19_GC10_138_E1_S2,GS19_GC10_138_E1_S2,138,17
GS19_GC10_139_E1_S1,GS19_GC10_139_E1_S1,R,17
GS19_GC10_139_E1_S2,GS19_GC10_139_E1_S2,139,17
GS19_GC10_140_E1_S1,GS19_GC10_140_E1_S1,R,R
GS19_GC10_140_E1_S2,GS19_GC10_140_E1_S2,R,R
GS19_GC10_140_E2_S1,GS19_GC10_140_E2_S1,140,17
GS19_GC10_141_E1_S1,GS19_GC10_141_E1_S1,R,17
GS19_GC10_141_E1_S2,GS19_GC10_141_E1_S2,141,17
GS19_GC10_142_E1_S1,GS19_GC10_142_E1_S1,142,17
GS19_GC10_143_E1_S1,GS19_GC10_143_E1_S1,R,17
GS19_GC10_143_E1_S2,GS19_GC10_143_E1_S2,143,17
GS19_GC10_144_E1_S1,GS19_GC10_144_E1_S1,144,17
GS19_GC10_145_E1_S1,GS19_GC10_145_E1_S1,145,17
GS19_GC10_146_E1_S1,GS19_GC10_146_E1_S1,146,17
GS19_GC10_147_E1_S1,GS19_GC10_147_E1_S1,147,17
GS19_GC10_148_E1_S1,GS19_GC10_148_E1_S1,148,17
GS19_GC10_149_E1_S1,GS19_GC10_149_E1_S1,149,17
GS19_GC10_150_E1_S1,GS19_GC10_150_E1_S1,150,17
GS19_GC10_151_E1_S1,GS19_GC10_151_E1_S1,151,17
GS19_GC10_152_E1_S1,GS19_GC10_152_E1_S1,R,R
GS19_GC10_152_E2_S1,GS19_GC10_152_E2_S1,152,17
GS19_GC10_153_E1_S1,GS19_GC10_153_E1_S1,R,R
GS19_GC10_153_E2_S1,GS19_GC10_153_E2_S1,153,17
GS19_GC10_154_E1_S1,GS19_GC10_154_E1_S1,R,R
GS19_GC10_154_E2_S1,GS19_GC10_154_E2_S1,154,17
GS19_GC10_155_E1_S1,GS19_GC10_155_E1_S1,155,17
GS19_GC10_156_E1_S1,GS19_GC10_156_E1_S1,156,17
GS19_GC10_157_E1_S1,GS19_GC10_157_E1_S1,157,17
GS19_GC10_158_E1_S1,GS19_GC10_158_E1_S1,158,17
GS19_GC10_159_E1_S1,GS19_GC10_159_E1_S1,159,17
GS19_GC10_160_E1_S1,GS19_GC10_160_E1_S1,160,17
GS19_GC10_161_E1_S1,GS19_GC10_161_E1_S1,161,17
GS19_GC10_162_E1_S1,GS19_GC10_162_E1_S1,162,17
GS19_GC10_163_E1_S1,GS19_GC10_163_E1_S1,163,17
GS19_GC10_164_E1_S1,GS19_GC10_164_E1_S1,164,17
GS19_GC10_165_E1_S1,GS19_GC10_165_E1_S1,165,17
GS19_GC10_166_E1_S1,GS19_GC10_166_E1_S1,166,17
GS19_GC10_167_E1_S1,GS19_GC10_167_E1_S1,167,17
GS19_GC10_168_E1_S1,GS19_GC10_168_E1_S1,168,17
GS19_GC10_169_E1_S1,GS19_GC10_169_E1_S1,169,17
GS19_GC10_169_E2_S1,GS19_GC10_169_E2_S1,R,R
GS19_GC10_170_E1_S1,GS19_GC10_170_E1_S1,170,17
GS19_GC10_171_E1_S1,GS19_GC10_171_E1_S1,171,17
GS19_GC10_172_E1_S1,GS19_GC10_172_E1_S1,172,17
GS19_GC10_172_E2_S1,GS19_GC10_172_E2_S1,R,R
GS19_GC10_173_E1_S1,GS19_GC10_173_E1_S1,173,17
GS19_GC05_003,GS19_GC05_3cm,3,16
GS19_GC05_005,GS19_GC05_5cm,5,16
GS19_GC05_010,GS19_GC05_10cm,10,16
GS19_GC05_020,GS19_GC05_20cm,R,R
GS19_GC05_030,GS19_GC05_30cm,30,16
GS19_GC05_040,GS19_GC05_40cm,40,16
GS19_GC05_050,GS19_GC05_50cm,R,R
GS19_GC05_060,GS19_GC05_60cm,R,R
GS19_GC05_070,GS19_GC05_70cm,R,R
GS19_GC05_080,GS19_GC05_80cm,80,16
GS19_GC05_100,GS19_GC05_100cm,R,R
GS19_GC05_102.5,GS19_GC05_102_5cm,102.5,16
GS19_GC05_105,GS19_GC05_105cm,105,16
GS19_GC05_107.5,GS19_GC05_107_5cm,107.5,16
GS19_GC05_110,GS19_GC05_110cm,110,16
GS19_GC05_112.5,GS19_GC05_112_5cm,112.5,16
GS19_GC05_115,GS19_GC05_115cm,115,16
GS19_GC05_130,GS19_GC05_130cm,130,16
GS19_GC05_160,GS19_GC05_160cm,160,16
GS19_GC05_B1-9,GS19_GC05_B1_9,B,B
GS19_GC05_B10-18,GS19_GC05_B10_18,B,B
GS19_GC05_B21-39,GS19_GC05_B21_39,B,B
GS19_GC05_190,GS19_GC05_190cm,190,16
GS19_GC05_220,GS19_GC05_220cm,220,16
GS19_GC05_250,GS19_GC05_250cm,R,R
GS19_GC05_260,GS19_GC05_260cm,R,R
GS19_GC05_272,GS19_GC05_272cm,R,R
GS19_GC05_276,GS19_GC05_276cm,276,16
GS19_GC05_286,GS19_GC05_280cm,286,16
GS19_GC05_280,GS19_GC05_286cm,280,16
GS19_GC05_306,GS19_GC05_306cm,306,16
GS19_GC05_310,GS19_GC05_310cm,310,16
GS19_GC05_313,GS19_GC05_313cm,313,16
GS19_GC05_315,GS19_GC05_315cm,315,16
GS19_GC05_322,GS19_GC05_322cm,R,R
GS19_GC05_328,GS19_GC05_328cm,328,16
GS19_GC05_333,GS19_GC05_333cm,333,16
GS19_GC05_340,GS19_GC05_340cm,340,16
GS19_GC05_342,GS19_GC05_342cm,342,16
GS19_GC05_363,GS19_GC05_363cm,363,16
GS19_GC05_370,GS19_GC05_370cm,370,16
GS19_GC05_020_S2,GS19_GC05_020_S2,20,16
GS19_GC05_050_S2,GS19_GC05_050_S2,50,16
GS19_GC05_060_S2,GS19_GC05_060_S2,60,16
GS19_GC05_070_S2,GS19_GC05_070_S2,70,16
GS19_GC05_100_S2,GS19_GC05_100_S2,100,16
GS19_GC05_250_S2,GS19_GC05_250_S2,250,16
GS19_GC05_260_S2,GS19_GC05_260_S2,260,16
GS19_GC05_272_S2,GS19_GC05_272_S2,272,16
GS19_GC05_322_S2,GS19_GC05_322_S2,322,16
GS21_GC09_B1-13,GS21_GC09_Bl1_13_32,B,B
GS21_GC09_005_S2,GS21_GC09_005_S2,5,19
GS21_GC09_220_S2,GS21_GC09_220_S2,220,19
GS21_GC09_005,GS21_GC09_5cm,R,R
GS21_GC09_010,GS21_GC09_10cm,10,19
GS21_GC09_020,GS21_GC09_20cm,20,19
GS21_GC09_030,GS21_GC09_30cm,30,19
GS21_GC09_040,GS21_GC09_40cm,40,19
GS21_GC09_050,GS21_GC09_50cm,50,19
GS21_GC09_075,GS21_GC09_75cm,75,19
GS21_GC09_100,GS21_GC09_100cm,100,19
GS21_GC09_130,GS21_GC09_130cm,130,19
GS21_GC09_160,GS21_GC09_160cm,160,19
GS21_GC09_190,GS21_GC09_190cm,190,19
GS21_GC09_220,GS21_GC09_220cm,R,R
GS21_GC09_250,GS21_GC09_250cm,250,19
GS19_GC05_B19-20,GS19_GC05_B19_20,B,B
GS19_GC05_100.2,IonXpress_090,100.2,16
GS19_GC05_120,GS19_GC05_120cm,120,16
GS21_GC07_5,GS21_GC07_5,5,23
GS21_GC07_10,GS21_GC07_10,10,23
GS21_GC07_20,GS21_GC07_20,20,23
GS21_GC07_30,GS21_GC07_30,30,23
GS21_GC07_40,GS21_GC07_40,40,23
GS21_GC07_50,GS21_GC07_50,50,23
GS21_GC07_60,GS21_GC07_60,60,23
GS21_GC07_B,GS21_GC07_B,B,B
GS21_GC08_5,GS21_GC08_5,5,24
GS21_GC08_10,GS21_GC08_10,10,24
GS21_GC08_20,GS21_GC08_20,20,24
GS21_GC08_30,GS21_GC08_30,30,24
GS21_GC08_40,GS21_GC08_40,40,24
GS21_GC08_50,GS21_GC08_50,50,24
GS21_GC08_75,GS21_GC08_75,75,24
GS21_GC08_100,GS21_GC08_100,100,24
GS21_GC08_110,GS21_GC08_110,110,24
GS21_GC08_B,GS21_GC08_B,B,B
KH22_GC02_5,KH22_240_GC02_5cm,5,25
KH22_GC02_7,KH22_240_GC02_7cm,7,25
KH22_GC02_10,KH22_240_GC02_10cm,10,25
KH22_GC02_11,KH22_240_GC02_11cm,11,25
KH22_GC02_12,KH22_240_GC02_12cm,12,25
KH22_GC02_13,KH22_240_GC02_13cm,13,25
KH22_GC02_15,KH22_240_GC02_15cm,15,25
KH22_GC02_20,KH22_240_GC02_20cm,20,25
KH22_GC02_30,KH22_240_GC02_30cm,30,25
KH22_GC02_40,KH22_240_GC02_40cm,40,25
KH22_GC02_50,KH22_240_GC02_50cm,50,25
KH22_GC02_75,KH22_240_GC02_75cm,75,25
KH22_GC02_100,KH22_240_GC02_100cm,100,25
KH22_GC02_130,KH22_240_GC02_130cm,130,25
KH22_GC02_160,KH22_240_GC02_160cm,160,25
KH22_GC02_190,KH22_240_GC02_190cm,190,25
KH22_GC02_210,KH22_240_GC02_210cm,210,25
KH22_GC02_220,KH22_240_GC02_220cm,220,25
KH22_GC02_250,KH22_240_GC02_250cm,250,25
KH22_GC02_255,KH22_240_GC02_255cm,255,25
KH22_GC02_258,KH22_240_GC02_258cm,258,25
KH22_GC02_290,KH22_240_GC02_290cm,290,25
KH22_Extraction_B1,KH22_Extraction_B1,B,B
KH22_Extraction_B2,KH22_Extraction_B2,B,B
KH22_PCR_B,KH22_PCR_B,B,B
