Name,SeqName,Depth,Core,qPCR_bac,qPCR_arch,qPCR_proka,qPCR_NA,OxygenDepth,Fe_abundant,Location
Blank_S2,Blank_S2,B,B,NA,NA,NA,TRUE,nan,nan,nan
CB06_blnk_70,CB06_blnk_70,B,B,NA,NA,NA,TRUE,nan,nan,nan
CB08_blnk_66,CB08_blnk_66,B,B,NA,NA,NA,TRUE,nan,nan,nan
CB08_blnk_67,CB08_blnk_67,B,B,NA,NA,NA,TRUE,nan,nan,nan
CB08_blnk_68,CB08_blnk_68,B,B,NA,NA,NA,TRUE,nan,nan,nan
CB10_blnk_86,CB10_blnk_86,B,B,NA,NA,NA,TRUE,nan,nan,nan
CB11_blnk_20,CB11_blnk_20,B,B,NA,NA,NA,TRUE,nan,nan,nan
CB11_blnk_46,CB11_blnk_46,B,B,NA,NA,NA,TRUE,nan,nan,nan
CB14_blnk_94,CB14_blnk_94,B,B,NA,NA,NA,TRUE,nan,nan,nan
CB14_blnk_95,CB14_blnk_95,B,B,NA,NA,NA,TRUE,nan,nan,nan
CB14_blnk_96,CB14_blnk_96,B,B,NA,NA,NA,TRUE,nan,nan,nan
CB15_blnk_21,CB15_blnk_21,B,B,NA,NA,NA,TRUE,nan,nan,nan
CB15_blnk_22,CB15_blnk_22,B,B,NA,NA,NA,TRUE,nan,nan,nan
CB15_blnk_81,CB15_blnk_81,B,B,NA,NA,NA,TRUE,nan,nan,nan
CB15_blnk_82,CB15_blnk_82,B,B,NA,NA,NA,TRUE,nan,nan,nan
CB15_blnk_94,CB15_blnk_94,B,B,NA,NA,NA,TRUE,nan,nan,nan
GS10_PC12_1766,GS10_PC12_71,1766,1,NA,NA,NA,TRUE,nan,nan,AMOR
GS10_PC12_1706,GS10_PC12_72,1706,1,NA,NA,NA,TRUE,nan,nan,AMOR
GS10_PC12_1646,GS10_PC12_73,1646,1,NA,NA,NA,TRUE,nan,nan,AMOR
GS10_PC12_1586,GS10_PC12_74,1586,1,NA,NA,NA,TRUE,nan,nan,AMOR
GS10_PC12_1466,GS10_PC12_75,1466,1,NA,NA,NA,TRUE,nan,nan,AMOR
GS10_PC12_1436,GS10_PC12_76,1436,1,NA,NA,NA,TRUE,nan,nan,AMOR
GS10_PC12_1406,GS10_PC12_77,1406,1,NA,NA,NA,TRUE,nan,nan,AMOR
GS10_PC12_1346,GS10_PC12_78,1346,1,NA,NA,NA,TRUE,nan,nan,AMOR
GS10_PC12_1256,GS10_PC12_79,1256,1,NA,NA,NA,TRUE,nan,nan,AMOR
GS10_PC12_1226,GS10_PC12_80,1226,1,NA,NA,NA,TRUE,nan,nan,AMOR
GS10_PC12_1166,GS10_PC12_81,1166,1,NA,NA,NA,TRUE,nan,nan,AMOR
GS10_PC12_1106,GS10_PC12_82,1106,1,NA,NA,NA,TRUE,nan,nan,AMOR
GS10_PC12_1046,GS10_PC12_83,1046,1,NA,NA,NA,TRUE,nan,nan,AMOR
GS10_PC12_986,GS10_PC12_84,986,1,NA,NA,NA,TRUE,nan,nan,AMOR
GS10_PC12_926,GS10_PC12_85,926,1,NA,NA,NA,TRUE,nan,nan,AMOR
GS10_PC12_806,GS10_PC12_86,806,1,NA,NA,NA,TRUE,nan,nan,AMOR
GS10_PC12_746,GS10_PC12_87,746,1,NA,NA,NA,TRUE,nan,nan,AMOR
GS10_PC12_686,GS10_PC12_88,686,1,NA,NA,NA,TRUE,nan,nan,AMOR
GS10_PC12_626,GS10_PC12_89,626,1,NA,NA,NA,TRUE,nan,nan,AMOR
GS10_PC12_566,GS10_PC12_90,566,1,NA,NA,NA,TRUE,nan,nan,AMOR
GS10_PC12_506,GS10_PC12_91,506,1,NA,NA,NA,TRUE,nan,nan,AMOR
GS10_PC12_446,GS10_PC12_92,446,1,NA,NA,NA,TRUE,nan,nan,AMOR
GS10_PC12_386,GS10_PC12_93,386,1,NA,NA,NA,TRUE,nan,nan,AMOR
GS10_PC12_326,GS10_PC12_94,326,1,NA,NA,NA,TRUE,nan,nan,AMOR
GS10_PC12_266,GS10_PC12_95,266,1,NA,NA,NA,TRUE,nan,nan,AMOR
GS10_PC12_206,GS10_PC12_96,206,1,NA,NA,NA,TRUE,nan,nan,AMOR
GS13_CC02_5,GS13_CC02_33,5,2,15262901576.1821,353222219.789842,15616123795.9719,FALSE,82,No,AMOR
GS13_CC02_10,GS13_CC02_34,10,2,3677048730.96447,95853278.3417936,3772902009.30626,FALSE,82,No,AMOR
GS13_CC02_80,GS13_CC02_35,80,2,685935504.885993,24043597.3127036,709979102.198697,FALSE,82,No,AMOR
GS13_CC02_50,GS13_CC02_36,50,2,929152027.027027,80925159.5345345,1010077186.56156,FALSE,82,No,AMOR
GS13_CC02_130,GS13_CC02_37,130,2,140981539.735099,9750716.57698676,150732256.312086,FALSE,82,No,AMOR
GS13_CC02_180,GS13_CC02_38,180,2,221131125,6943378.125,228074503.125,FALSE,82,No,AMOR
GS13_CC02_230,GS13_CC02_39,230,2,582477265.861027,13667667.8153323,596144933.676359,FALSE,82,No,AMOR
GS13_CC02_280,GS13_CC02_40,280,2,226180405.405405,8906402.02702703,235086807.432432,FALSE,82,No,AMOR
GS13_CC02_330,GS13_CC02_41,330,2,122711165.480427,2082492.42382117,124793657.904248,FALSE,82,No,AMOR
GS13_CC02_380,GS13_CC02_42,380,2,414977849.002849,6311453.88176638,421289302.884615,FALSE,82,No,AMOR
GS13_CC02_480,GS13_CC02_43,480,2,50305484.6938776,5109682.58397109,55415167.2778487,FALSE,82,No,AMOR
GS13_CC02_630,GS13_CC02_44,630,2,11967054.5504386,2568864.96025219,14535919.5106908,FALSE,82,No,AMOR
GS13_CC02_780,GS13_CC02_45,780,2,51040162.6872659,4412158.02024813,55452320.707514,FALSE,82,No,AMOR
GS13_CC02_930,GS13_CC02_46,930,2,66602562.6061121,1752786.76782683,68355349.3739389,FALSE,82,No,AMOR
GS13_CC02_1080,GS13_CC02_47,1080,2,10070327.9009857,1479133.41453853,11549461.3155242,FALSE,82,No,AMOR
GS13_CC02_1230,GS13_CC02_48,1230,2,16158843.3441558,132581.477970272,16291424.8221261,FALSE,82,No,AMOR
GS13_CC02_1280,GS13_CC02_49,1280,2,9796153.34903493,379526.295381434,10175679.6444164,FALSE,82,No,AMOR
GS13_CC02_1380,GS13_CC02_50,1380,2,15176785.5235043,364926.79954594,15541712.3230502,FALSE,82,No,AMOR
GS13_CC02_1480,GS13_CC02_51,1480,2,3734629.9184261,67976.4819007917,3802606.40032689,FALSE,82,No,AMOR
GS13_CC02_1530,GS13_CC02_52,1530,2,5560848.75682044,473537.723601811,6034386.48042225,FALSE,82,No,AMOR
GS13_CC02_1630,GS13_CC02_53,1630,2,9649350.80963665,153009.544239978,9802360.35387663,FALSE,82,No,AMOR
GS13_CC02_1680,GS13_CC02_54,1680,2,1109126.6025641,1590.1865510859,1110716.78911519,FALSE,82,No,AMOR
GS13_CC02_1780,GS13_CC02_55,1780,2,6626961.86531842,198240.254544966,6825202.11986339,FALSE,82,No,AMOR
GS13_CC02_1880,GS13_CC02_56,1880,2,4739756.32440476,304302.513485863,5044058.83789062,FALSE,82,No,AMOR
GS14_GC02_10,GS14_GC02_57,10,3,602528763.44086,12131785.234255,614660548.675115,FALSE,nan,No,AMOR
GS14_GC02_20,GS14_GC02_58,20,3,216836301.12835,4217207.33427363,221053508.462624,FALSE,nan,No,AMOR
GS14_GC02_30,GS14_GC02_59,30,3,296087442.12963,1002896.53260031,297090338.66223,FALSE,nan,No,AMOR
GS14_GC02_40,GS14_GC02_60,40,3,2008202684.56376,7049407.50838926,2015252092.07215,FALSE,nan,No,AMOR
GS14_GC02_50,GS14_GC02_61,50,3,43447912.1179039,241882.19983852,43689794.3177424,FALSE,nan,No,AMOR
GS14_GC02_65,GS14_GC02_62,65,3,108691425.695461,498845.78319455,109190271.478656,FALSE,nan,No,AMOR
GS14_GC02_75,GS14_GC02_63,75,3,101116357.655502,220457.54367275,101336815.199175,FALSE,nan,No,AMOR
GS14_GC02_100,GS14_GC02_64,100,3,44710931.4826701,111686.82994524,44822618.3126153,FALSE,nan,No,AMOR
GS14_GC02_130,GS14_GC02_65,130,3,115193156.584992,368047.37599301,115561203.960985,FALSE,nan,No,AMOR
GS14_GC02_160,GS14_GC02_66,160,3,124045237.619808,442159.34192792,124487396.961736,FALSE,nan,No,AMOR
GS14_GC02_175,GS14_GC02_67,175,3,76439228.7234043,86123.38822663,76525352.1116309,FALSE,nan,No,AMOR
GS14_GC02_190,GS14_GC02_68,190,3,59458177.8401585,75139.64714746,59533317.487306,FALSE,nan,No,AMOR
GS14_GC02_215,GS14_GC02_69,215,3,53597588.3152174,59208.11160175,53656796.4268191,FALSE,nan,No,AMOR
GS14_GC04_5,GS14_GC04_34,5,4,1449452300,15304078.125,1464756378.125,FALSE,4,No,AMOR
GS14_GC04_9,GS14_GC04_35,9,4,365022100,3084042.578125,368106142.578125,FALSE,4,No,AMOR
GS14_GC04_20,GS14_GC04_36,20,4,100745350,315742.041015625,101061092.041016,FALSE,4,No,AMOR
GS14_GC04_27,GS14_GC04_37,27,4,4175342.96875,6121.79870605469,4181464.76745605,FALSE,4,No,AMOR
GS14_GC04_30,GS14_GC04_38,30,4,78549381.25,502026.025390625,79051407.2753906,FALSE,4,No,AMOR
GS14_GC04_40,GS14_GC04_39,40,4,65223425,260378.564453125,65483803.5644531,FALSE,4,No,AMOR
GS14_GC04_50,GS14_GC04_40,50,4,447993.99414,821263.319522745,1269257.31366337,FALSE,4,No,AMOR
GS14_GC04_75,GS14_GC04_41,75,4,9664071.09375,37555.8532714844,9701626.94702148,FALSE,4,No,AMOR
GS14_GC04_100,GS14_GC04_42,100,4,10157712.5,22054.997253418,10179767.4972534,FALSE,4,No,AMOR
GS14_GC04_115,GS14_GC04_43,115,4,12627339.0625,10421.0830688477,12637760.1455688,FALSE,4,No,AMOR
GS14_GC04_130,GS14_GC04_44,130,4,23990343.75,81265.4907226563,24071609.2407227,FALSE,4,No,AMOR
GS14_GC04_160,GS14_GC04_45,160,4,8403818.75,17297.0855712891,8421115.83557129,FALSE,4,No,AMOR
GS14_GC04_190,GS14_GC04_46,190,4,24448048.4375,54707.51953125,24502755.9570313,FALSE,4,No,AMOR
GS14_GC04_220,GS14_GC04_47,220,4,4304103.51563,4655.54809570313,4308759.0637207,FALSE,4,No,AMOR
GS14_GC04_230,GS14_GC04_48,230,4,41964056.25,19169.5037841797,41983225.7537842,FALSE,4,No,AMOR
GS14_GC08_10,GS14_GC08_49,10,5,189970100,9541679.6875,199511779.6875,FALSE,97,No,AMOR
GS14_GC08_20,GS14_GC08_50,20,5,53753300,5696857.03125,59450157.03125,FALSE,97,No,AMOR
GS14_GC08_30,GS14_GC08_51,30,5,247193.43261719,583028.3843494,830221.816966572,FALSE,97,No,AMOR
GS14_GC08_40,GS14_GC08_52,40,5,4106286.328125,233711.518437,4339997.84656203,FALSE,97,No,AMOR
GS14_GC08_50,GS14_GC08_53,50,5,54515562.5,508080.7617188,55023643.2617188,FALSE,97,No,AMOR
GS14_GC08_75,GS14_GC08_54,75,5,8583572.65625,215020.1171875,8798592.7734375,FALSE,97,No,AMOR
GS14_GC08_100,GS14_GC08_55,100,5,38663278.125,935628.125,39598906.25,FALSE,97,No,AMOR
GS14_GC08_130,GS14_GC08_56,130,5,28745578.125,265691.7236328,29011269.8486328,FALSE,97,No,AMOR
GS14_GC08_160,GS14_GC08_57,160,5,37283.90808105,2299.9598185,39583.8678995768,FALSE,97,No,AMOR
GS14_GC08_190,GS14_GC08_58,190,5,261494.40917969,200,261694.409179687,FALSE,97,No,AMOR
GS14_GC08_220,GS14_GC08_59,220,5,11694661.71875,266373.3886719,11961035.1074219,FALSE,97,No,AMOR
GS14_GC08_250,GS14_GC08_60,250,5,14795757.8125,291846.875,15087604.6875,FALSE,97,No,AMOR
GS14_GC08_280,GS14_GC08_61,280,5,370328.07617188,200,370528.076171875,FALSE,97,No,AMOR
GS14_GC08_292,GS14_GC08_62,292,5,487532.32421875,200,487732.32421875,FALSE,97,No,AMOR
GS14_GC08_340,GS14_GC08_63,340,5,3659850.78125,1063.2979393,3660914.0791893,FALSE,97,No,AMOR
GS14_GC09_10,GS14_GC09_64,10,6,220897188.013136,595115.664126642,221492303.677263,FALSE,85,No,AMOR
GS14_GC09_20,GS14_GC09_65,20,6,64377624.5551601,105978.802627799,64483603.3577879,FALSE,85,No,AMOR
GS14_GC09_28,GS14_GC09_66,28,6,715812048.192771,2255415.93457162,718067464.127343,FALSE,85,No,AMOR
GS14_GC09_30,GS14_GC09_67,30,6,346911458.333333,1099059.47730655,348010517.81064,FALSE,85,No,AMOR
GS14_GC09_40,GS14_GC09_68,40,6,804352415.458937,1038434.81091486,805390850.269852,FALSE,85,No,AMOR
GS14_GC09_50,GS14_GC09_69,50,6,201053007.152146,292623.937083469,201345631.08923,FALSE,85,No,AMOR
GS14_GC09_75,GS14_GC09_70,75,6,72876251.5451174,88619.8178209981,72964871.3629384,FALSE,85,No,AMOR
GS14_GC09_100,GS14_GC09_71,100,6,61967254.0838068,122236.182472923,62089490.2662797,FALSE,85,No,AMOR
GS14_GC09_130,GS14_GC09_72,130,6,535519562.647754,50366.4302600473,535569929.078014,FALSE,85,No,AMOR
GS14_GC09_160,GS14_GC09_73,160,6,52487028.1339031,147649.572649573,52634677.7065527,FALSE,85,No,AMOR
GS14_GC09_190,GS14_GC09_74,190,6,66402682.4421965,327737.726641528,66730420.168838,FALSE,85,No,AMOR
GS14_GC12_10,GS14_GC12_75,10,7,889187000,12600340.625,901787340.625,FALSE,36,Yes,AMOR
GS14_GC12_20,GS14_GC12_76,20,7,2982040800,15506693.75,2997547493.75,FALSE,36,Yes,AMOR
GS14_GC12_30,GS14_GC12_77,30,7,21853209600,8588348.4375,21861797948.4375,FALSE,36,Yes,AMOR
GS14_GC12_40,GS14_GC12_78,40,7,6877494400,24066053.125,6901560453.125,FALSE,36,Yes,AMOR
GS14_GC12_50,GS14_GC12_79,50,7,7402634400,22143353.125,7424777753.125,FALSE,36,Yes,AMOR
GS14_GC12_75,GS14_GC12_80,75,7,6316440000,5166975,6321606975,FALSE,36,Yes,AMOR
GS14_GC12_100,GS14_GC12_81,100,7,5950627200,3163515.625,5953790715.625,FALSE,36,Yes,AMOR
GS14_GC12_130,GS14_GC12_82,130,7,338342675,876771.2890625,339219446.289063,FALSE,36,Yes,AMOR
GS14_GC12_160,GS14_GC12_83,160,7,140306675,371708.569335938,140678383.569336,FALSE,36,Yes,AMOR
GS14_GC12_175,GS14_GC12_84,175,7,192580550,727635.44921875,193308185.449219,FALSE,36,Yes,AMOR
GS14_GC12_190,GS14_GC12_85,190,7,139390850,407753.515625,139798603.515625,FALSE,36,Yes,AMOR
GS14_GC12_220,GS14_GC12_86,220,7,100996056.25,398872.802734375,101394929.052734,FALSE,36,Yes,AMOR
GS14_GC12_250,GS14_GC12_87,250,7,1100056.0546875,126201.953125,1226258.0078125,FALSE,36,Yes,AMOR
GS14_GC12_280,GS14_GC12_88,280,7,245246600,186387.805175781,245432987.805176,FALSE,36,Yes,AMOR
GS14_GC12_310,GS14_GC12_89,310,7,372298625,59160.3759765625,372357785.375977,FALSE,36,Yes,AMOR
GS14_GC12_340,GS14_GC12_90,340,7,73535025,642509.27734375,74177534.2773438,FALSE,36,Yes,AMOR
GS14_GC12_357,GS14_GC12_91,357,7,45380975,12211.1351013184,45393186.1351013,FALSE,36,Yes,AMOR
GS14_GC14_1,GS14_GC14_04,1,20,NA,NA,NA,TRUE,nan,No,AMOR
GS14_GC14_7,GS14_GC14_05,7,20,NA,NA,NA,TRUE,nan,No,AMOR
NA1,GS14_GC14_06,NA,20,NA,NA,NA,TRUE,nan,No,AMOR
NA3,GS14_GC14_07,NA,20,NA,NA,NA,TRUE,nan,No,AMOR
GS14_GC14_20,GS14_GC14_08,20,20,NA,NA,NA,TRUE,nan,No,AMOR
GS14_GC14_50,GS14_GC14_10,50,20,NA,NA,NA,TRUE,nan,No,AMOR
GS14_GC14_100,GS14_GC14_11,100,20,NA,NA,NA,TRUE,nan,No,AMOR
GS14_GC14_200,GS14_GC14_13,200,20,NA,NA,NA,TRUE,nan,No,AMOR
NA2,GS14_GC14_14,NA,20,NA,NA,NA,TRUE,nan,No,AMOR
GS14_GC14_30,GS14_GC14_19,30,20,NA,NA,NA,TRUE,nan,No,AMOR
GS14_GC14_60,GS14_GC14_20,60,20,NA,NA,NA,TRUE,nan,No,AMOR
GS14_GC14_90,GS14_GC14_21,90,20,NA,NA,NA,TRUE,nan,No,AMOR
GS14_GC14_120,GS14_GC14_22,120,20,NA,NA,NA,TRUE,nan,No,AMOR
GS14_GC14_150,GS14_GC14_23,150,20,NA,NA,NA,TRUE,nan,No,AMOR
GS14_GC14_180,GS14_GC14_24,180,20,NA,NA,NA,TRUE,nan,No,AMOR
GS14_GC14_199,GS14_GC14_25,199,20,NA,NA,NA,TRUE,nan,No,AMOR
GS15_GC01_5,GS15_GC01_01,5,8,2628504.87385321,10047625.5324377,12676130.4062909,FALSE,85,No,AMOR
GS15_GC01_10,GS15_GC01_02,10,8,18120.6470484122,8338.96696147192,26459.6140098841,FALSE,85,No,AMOR
GS15_GC01_20,GS15_GC01_03,20,8,17854.0306980881,19303.582169228,37157.6128673161,FALSE,85,No,AMOR
GS15_GC01_30,GS15_GC01_04,30,8,28199.3551815257,15217.6957971909,43417.0509787166,FALSE,85,No,AMOR
GS15_GC01_40,GS15_GC01_05,40,8,15403.1756093384,1640.05606369162,17043.23167303,FALSE,85,No,AMOR
GS15_GC01_50,GS15_GC01_06,50,8,13464.6869893698,4242.58783545997,17707.2748248298,FALSE,85,No,AMOR
GS15_GC01_75,GS15_GC01_07,75,8,43013.9565368906,88809.8752350233,131823.831771914,FALSE,85,No,AMOR
GS15_GC01_83,GS15_GC01_08,83,8,38133.8827118619,43099.0530698354,81232.9357816973,FALSE,85,No,AMOR
GS15_GC01_88,GS15_GC01_09,88,8,14211.5166846742,6799.89862103834,21011.4153057125,FALSE,85,No,AMOR
GS15_GC01_90,GS15_GC01_10,90,8,18971.5254197427,4945.85999655067,23917.3854162934,FALSE,85,No,AMOR
GS15_GC01_98,GS15_GC01_11,98,8,19683.50945947,2194.79907642711,21878.3085358971,FALSE,85,No,AMOR
GS15_GC01_100,GS15_GC01_12,100,8,38639.6949673876,71687.0249053578,110326.719872745,FALSE,85,No,AMOR
GS15_GC01_108,GS15_GC01_13,108,8,57467.8772287812,21566.4074055709,79034.2846343521,FALSE,85,No,AMOR
GS15_GC01_130,GS15_GC01_14,130,8,259325.465051594,232555.674760368,491881.139811962,FALSE,85,No,AMOR
GS15_GC01_160,GS15_GC01_15,160,8,401338.876842779,297337.798210187,698676.675052966,FALSE,85,No,AMOR
GS15_GC01_190,GS15_GC01_16,190,8,38715.87218833,13245.8528516144,51961.7250399444,FALSE,85,No,AMOR
GS15_GC01_220,GS15_GC01_17,220,8,654306.23647329,48985.2699073585,703291.506380649,FALSE,85,No,AMOR
GS15_GC01_250,GS15_GC01_18,250,8,87307.2026850103,25757.7539800288,113064.956665039,FALSE,85,No,AMOR
GS15_GC01_280,GS15_GC01_19,280,8,229190.336681548,129313.685825893,358504.022507441,FALSE,85,No,AMOR
GS15_GC01_310,GS15_GC01_20,310,8,90322.6951589896,86312.6706327464,176635.365791736,FALSE,85,No,AMOR
GS15_GC01_340,GS15_GC01_21,340,8,224397.125502327,705621.348218063,930018.47372039,FALSE,85,No,AMOR
GS15_GC01_350,GS15_GC01_22,350,8,31936.7918249679,0,31936.7918249679,TRUE,85,No,AMOR
GS15_GC01_364,GS15_GC01_23,364,8,40246.0475425936,3124.48778170426,43370.5353242979,FALSE,85,No,AMOR
GS15_GC01_365,GS15_GC01_24,365,8,48962.6184884855,17000.2877812764,65962.9062697619,FALSE,85,No,AMOR
GS15_GC01_368,GS15_GC01_25,368,8,6135.5349222819,9071.9788869222,15207.5138092041,FALSE,85,No,AMOR
GS15_GC01_370,GS15_GC01_26,370,8,89146.0680682056,107644.607313913,196790.675382119,FALSE,85,No,AMOR
GS15_GC01_390,GS15_GC01_27,390,8,12493.6812053355,41996.8526677568,54490.5338730923,FALSE,85,No,AMOR
GS16_GC04_2,GS16_GC04_67,2,9,42061998.155382,77440158.4201389,119502156.575521,FALSE,120,No,AMOR
GS16_GC04_5,GS16_GC04_68,5,9,14193539.1191123,51984986.4130435,66178525.5321558,FALSE,120,No,AMOR
GS16_GC04_10,GS16_GC04_69,10,9,3204099.84420821,11354559.2008798,14558659.045088,FALSE,120,No,AMOR
GS16_GC04_20,GS16_GC04_70,20,9,1118837.67060225,5045817.87532496,6164655.54592721,FALSE,120,No,AMOR
GS16_GC04_30,GS16_GC04_71,30,9,1455535.99330357,6446578.125,7902114.11830357,FALSE,120,No,AMOR
GS16_GC04_43,GS16_GC04_72,43,9,962325.924688057,8151898.11720142,9114224.04188948,FALSE,120,No,AMOR
GS16_GC04_50,GS16_GC04_73,50,9,1282172.02524038,5339961.53846154,6622133.56370192,FALSE,120,No,AMOR
GS16_GC04_75,GS16_GC04_74,75,9,439229.127756013,996237.743144133,1435466.87090015,FALSE,120,No,AMOR
GS16_GC04_100,GS16_GC04_75,100,9,1062641.49840449,2001968.94256162,3064610.44096611,FALSE,120,No,AMOR
GS16_GC04_125,GS16_GC04_76,125,9,264726.762615266,213551.605724898,478278.368340164,FALSE,120,No,AMOR
GS16_GC04_145,GS16_GC04_77,145,9,273080.011151814,121958.112944827,395038.124096641,FALSE,120,No,AMOR
GS16_GC04_155,GS16_GC04_78,155,9,380268.913358201,133850.912816934,514119.826175135,FALSE,120,No,AMOR
GS16_GC04_160,GS16_GC04_79,160,9,156538.019049658,78270.8154965754,234808.834546233,FALSE,120,No,AMOR
GS16_GC04_170,GS16_GC04_80,170,9,154140.355494115,93437.8884055398,247578.243899655,FALSE,120,No,AMOR
GS16_GC04_190,GS16_GC04_81,190,9,197803.657243342,39299.0531790297,237102.710422372,FALSE,120,No,AMOR
GS16_GC04_220,GS16_GC04_82,220,9,106044.003665971,10658.2279574054,116702.231623376,FALSE,120,No,AMOR
GS16_GC04_250,GS16_GC04_83,250,9,146817.86047894,51323.2209578804,198141.08143682,FALSE,120,No,AMOR
GS16_GC04_280,GS16_GC04_84,280,9,1218777.97865014,149535.796530647,1368313.77518079,FALSE,120,No,AMOR
GS16_GC04_300,GS16_GC04_85,300,9,4500.03811861059,123.915737298637,4623.95385590923,FALSE,120,No,AMOR
GS16_GC05_5,GS16_GC05_01,5,10,356435993.485342,159155445.846906,515591439.332248,FALSE,35,Yes,AMOR
GS16_GC05_10,GS16_GC05_02,10,10,54446336.5112994,115071486.581921,169517823.09322,FALSE,35,Yes,AMOR
GS16_GC05_20,GS16_GC05_03,20,10,50913387.9151292,62499008.302583,113412396.217712,FALSE,35,Yes,AMOR
GS16_GC05_30,GS16_GC05_04,30,10,29991182.5337331,25258939.2803598,55250121.8140929,FALSE,35,Yes,AMOR
GS16_GC05_35,GS16_GC05_05,35,10,41885166.3585952,25654005.8918669,67539172.2504621,FALSE,35,Yes,AMOR
GS16_GC05_40,GS16_GC05_06,40,10,18398615.9629405,7560723.91403402,25959339.8769745,FALSE,35,Yes,AMOR
GS16_GC05_45,GS16_GC05_07,45,10,247822.27047869,137145.971825298,384968.242303988,FALSE,35,Yes,AMOR
GS16_GC05_50,GS16_GC05_08,50,10,27127445.9134615,3292193.88521635,30419639.7986779,FALSE,35,Yes,AMOR
GS16_GC05_55,GS16_GC05_09,55,10,6445961.31043452,721684.169886016,7167645.48032054,FALSE,35,Yes,AMOR
GS16_GC05_75,GS16_GC05_10,75,10,11289695.660058,4132949.25652805,15422644.916586,FALSE,35,Yes,AMOR
GS16_GC05_100,GS16_GC05_11,100,10,4599036.61809816,3982327.21434049,8581363.83243865,FALSE,35,Yes,AMOR
GS16_GC05_105,GS16_GC05_12,105,10,140016.959193416,36592.8430526782,176609.802246094,FALSE,35,Yes,AMOR
GS16_GC05_130,GS16_GC05_13,130,10,243248.548910651,624990.303147007,868238.852057658,FALSE,35,Yes,AMOR
GS16_GC05_155,GS16_GC05_14,155,10,855000.58456206,608540.408712038,1463540.9932741,FALSE,35,Yes,AMOR
GS16_GC05_160,GS16_GC05_15,160,10,929118.326822917,1584005.20833333,2513123.53515625,FALSE,35,Yes,AMOR
GS16_GC05_190,GS16_GC05_16,190,10,885459.083017677,583476.7762258,1468935.85924348,FALSE,35,Yes,AMOR
GS16_GC05_220,GS16_GC05_17,220,10,567170.630808127,443630.136206268,1010800.7670144,FALSE,35,Yes,AMOR
GS16_GC05_250,GS16_GC05_18,250,10,729620.118874137,3242619.95358377,3972240.07245791,FALSE,35,Yes,AMOR
GS16_GC05_280,GS16_GC05_19,280,10,5037952.03606159,5866975.41025122,10904927.4463128,FALSE,35,Yes,AMOR
GS16_GC05_305,GS16_GC05_20,305,10,3207437.48671344,4650516.18303571,7857953.66974915,FALSE,35,Yes,AMOR
GS16_GC05_310,GS16_GC05_21,310,10,1762983.14144737,943167.357245277,2706150.49869265,FALSE,35,Yes,AMOR
GS16_GC05_340,GS16_GC05_22,340,10,13410305.1128224,3045766.6435351,16456071.7563575,FALSE,35,Yes,AMOR
GS16_GC05_350,GS16_GC05_23,350,10,106830.829218525,882189.360119048,989020.189337573,FALSE,35,Yes,AMOR
GS16_GC06_5,GS16_GC06_24,5,11,55187952.079566,268844665.461121,324032617.540687,FALSE,23,Yes,AMOR
GS16_GC06_10,GS16_GC06_25,10,11,27368536.3998127,210012827.715356,237381364.115169,FALSE,23,Yes,AMOR
GS16_GC06_20,GS16_GC06_26,20,11,11803847.4240423,33215338.0944518,45019185.5184941,FALSE,23,Yes,AMOR
GS16_GC06_25,GS16_GC06_27,25,11,11848240.729944,25438636.8936567,37286877.6236007,FALSE,23,Yes,AMOR
GS16_GC06_30,GS16_GC06_28,30,11,9782990.56982343,18311617.1749599,28094607.7447833,FALSE,23,Yes,AMOR
GS16_GC06_40,GS16_GC06_29,40,11,6420264.3557423,2854908.52591036,9275172.88165266,FALSE,23,Yes,AMOR
GS16_GC06_50,GS16_GC06_30,50,11,6908475.04844961,6746248.78875969,13654723.8372093,FALSE,23,Yes,AMOR
GS16_GC06_55,GS16_GC06_31,55,11,12159222.8982301,12896555.5862832,25055778.4845133,FALSE,23,Yes,AMOR
GS16_GC06_75,GS16_GC06_32,75,11,1340397.29420732,7890480.18292683,9230877.47713415,FALSE,23,Yes,AMOR
GS16_GC06_100,GS16_GC06_34,100,11,20238.9794188889,17585.595815892,37824.5752347809,FALSE,23,Yes,AMOR
GS16_GC06_105,GS16_GC06_33,105,11,535174.570569068,1702616.51400862,2237791.08457769,FALSE,23,Yes,AMOR
GS16_GC06_130,GS16_GC06_47,130,11,159146.538130734,978166.586033066,1137313.1241638,FALSE,23,Yes,AMOR
GS16_GC06_155,GS16_GC06_48,155,11,185207.056574149,1420080.62575972,1605287.68233387,FALSE,23,Yes,AMOR
GS16_GC06_160,GS16_GC06_49,160,11,37972.0730251736,118908.212699142,156880.285724316,FALSE,23,Yes,AMOR
GS16_GC06_172,GS16_GC06_50,172,11,56374.6937534265,199645.032380757,256019.726134184,FALSE,23,Yes,AMOR
GS16_GC06_190,GS16_GC06_51,190,11,82859.8565924658,965828.807255993,1048688.66384846,FALSE,23,Yes,AMOR
GS16_GC06_200,GS16_GC06_38,200,11,238465.11704824,2369393.38235294,2607858.49940118,FALSE,23,Yes,AMOR
GS16_GC06_220,GS16_GC06_39,220,11,66630.3637734882,1113464.05870138,1180094.42247487,FALSE,23,Yes,AMOR
GS16_GC06_250,GS16_GC06_52,250,11,297033.045151654,322455.408432904,619488.453584558,FALSE,23,Yes,AMOR
GS16_GC06_280,GS16_GC06_53,280,11,303496.197639628,1169903.45190603,1473399.64954566,FALSE,23,Yes,AMOR
GS16_GC06_310,GS16_GC06_54,310,11,60611.2839339616,282432.258903206,343043.542837168,FALSE,23,Yes,AMOR
GS16_GC06_330,GS16_GC06_55,330,11,113085.054212645,761238.10035275,874323.154565395,FALSE,23,Yes,AMOR
GS16_GC06_340,GS16_GC06_56,340,11,192783.319382441,1528628.61000882,1721411.92939126,FALSE,23,Yes,AMOR
GS16_GC06_350,GS16_GC06_57,350,11,53460.06413096,200095.049446567,253555.113577527,FALSE,23,Yes,AMOR
GS16_GC07_5,GS16_GC07_57,5,12,46553050.7131537,185378744.057052,231931794.770206,FALSE,7,Yes,AMOR
GS16_GC07_10,GS16_GC07_58,10,12,30526703.9980732,35657677.0231214,66184381.0211946,FALSE,7,Yes,AMOR
GS16_GC07_20,GS16_GC07_59,20,12,48261805.0573888,26930640.2439024,75192445.3012912,FALSE,7,Yes,AMOR
GS16_GC07_30,GS16_GC07_60,30,12,11993305.6711288,6331431.46255427,18324737.1336831,FALSE,7,Yes,AMOR
GS16_GC07_40,GS16_GC07_61,40,12,23539342.8833605,16685524.5717781,40224867.4551386,FALSE,7,Yes,AMOR
GS16_GC07_45,GS16_GC07_62,45,12,41296397.2761824,34578082.7702703,75874480.0464527,FALSE,7,Yes,AMOR
GS16_GC07_75,GS16_GC07_63,75,12,25289769.785503,12991145.0628698,38280914.8483728,FALSE,7,Yes,AMOR
GS16_GC07_80,GS16_GC07_64,80,12,10236428.8162706,8299013.08272395,18535441.8989946,FALSE,7,Yes,AMOR
GS16_GC07_85,GS16_GC07_67,85,12,14916136.3636364,6457025.24038462,21373161.604021,FALSE,7,Yes,AMOR
GS17_GC02_5,GS17_GC02_23,5,13,2770551.47533574,15983649.5996901,18754201.0750258,FALSE,95,No,AMOR
GS17_GC02_10,GS17_GC02_24,10,13,1404570.45392292,11406749.8928163,12811320.3467392,FALSE,95,No,AMOR
GS17_GC02_15,GS17_GC02_25,15,13,1402419.090271,10326408.6914063,11728827.7816773,FALSE,95,No,AMOR
GS17_GC02_25,GS17_GC02_26,25,13,361265.292697483,4481604.81770833,4842870.11040581,FALSE,95,No,AMOR
GS17_GC02_35,GS17_GC02_27,35,13,26095.682820573,423313.898933581,449409.581754154,FALSE,95,No,AMOR
GS17_GC02_45,GS17_GC02_28,45,13,51345.6295020039,583815.634477903,635161.263979907,FALSE,95,No,AMOR
GS17_GC02_55,GS17_GC02_29,55,13,67250.4438920455,940998.224431818,1008248.66832386,FALSE,95,No,AMOR
GS17_GC02_65,GS17_GC02_30,65,13,435048.98071289,3718825.43945312,4153874.42016601,FALSE,95,No,AMOR
GS17_GC02_66,GS17_GC02_31,66,13,634027.099609375,4019540.24465461,4653567.34426399,FALSE,95,No,AMOR
GS17_GC02_67,GS17_GC02_32,67,13,742109.774076022,5301408.69140625,6043518.46548227,FALSE,95,No,AMOR
GS17_GC02_68,GS17_GC02_33,68,13,931199.396705285,7123388.40888689,8054587.80559218,FALSE,95,No,AMOR
GS17_GC02_69,GS17_GC02_34,69,13,503646.812642234,5280467.18888765,5784114.00152988,FALSE,95,No,AMOR
GS17_GC02_70,GS17_GC02_35,70,13,618727.196902591,4470621.7145388,5089348.91144139,FALSE,95,No,AMOR
GS17_GC02_71,GS17_GC02_36,71,13,853128.593012972,4607856.72169811,5460985.31471108,FALSE,95,No,AMOR
GS17_GC02_72,GS17_GC02_37,72,13,554564.895629883,3946021.27075195,4500586.16638183,FALSE,95,No,AMOR
GS17_GC02_73,GS17_GC02_38,73,13,495813.429090711,4698025.17361111,5193838.60270182,FALSE,95,No,AMOR
GS17_GC02_73.2,GS17_GC02_39,R,13,915625.286964568,5483481.25988924,6399106.54685381,FALSE,95,No,AMOR
GS17_GC02_73.3,GS17_GC02_40,R,13,535099.882238051,4719870.54524431,5254970.42748236,FALSE,95,No,AMOR
GS17_GC02_74,GS17_GC02_41,74,13,387278.224321841,2743750.43831351,3131028.66263535,FALSE,95,No,AMOR
GS17_GC02_75,GS17_GC02_42,75,13,243326.416015625,1619653.43128551,1862979.84730114,FALSE,95,No,AMOR
GS17_GC02_77,GS17_GC02_43,77,13,619811.139787946,2919553.51777129,3539364.65755924,FALSE,95,No,AMOR
GS17_GC02_78,GS17_GC02_44,78,13,413249.585905129,3138078.3839779,3551327.96988303,FALSE,95,No,AMOR
GS17_GC02_79,GS17_GC02_45,79,13,410485.162604345,2538973.73983305,2949458.9024374,FALSE,95,No,AMOR
GS17_GC02_80,GS17_GC02_46,80,13,760362.046185662,4972331.11213235,5732693.15831801,FALSE,95,No,AMOR
GS17_GC02_81,GS17_GC02_47,81,13,633262.014551781,5681032.52319753,6314294.53774931,FALSE,95,No,AMOR
GS17_GC02_82,GS17_GC02_48,82,13,498330.661309579,6649622.56004266,7147953.22135224,FALSE,95,No,AMOR
GS17_GC02_83,GS17_GC02_49,83,13,470000.806202912,7975956.33488964,8445957.14109255,FALSE,95,No,AMOR
GS17_GC02_84,GS17_GC02_50,84,13,467468.664148352,6133856.82397959,6601325.48812794,FALSE,95,No,AMOR
GS17_GC02_85,GS17_GC02_51,85,13,676555.21937779,6758261.19559152,7434816.41496931,FALSE,95,No,AMOR
GS17_GC02_86,GS17_GC02_52,86,13,467353.779560811,6155347.33952703,6622701.11908784,FALSE,95,No,AMOR
GS17_GC02_87,GS17_GC02_53,87,13,557017.547009038,6486218.5010723,7043236.04808134,FALSE,95,No,AMOR
GS17_GC02_88,GS17_GC02_54,88,13,644774.857400546,7181541.14055187,7826315.99795242,FALSE,95,No,AMOR
GS17_GC02_89,GS17_GC02_55,89,13,770395.011697861,9659729.06918449,10430124.0808824,FALSE,95,No,AMOR
GS17_GC02_90,GS17_GC02_56,90,13,508585.825435451,5503806.51255123,6012392.33798668,FALSE,95,No,AMOR
GS17_GC02_91,GS17_GC02_57,91,13,510796.840681836,6033025.27261868,6543822.11330052,FALSE,95,No,AMOR
GS17_GC02_92,GS17_GC02_58,92,13,640149.56392285,8329149.97892074,8969299.54284359,FALSE,95,No,AMOR
GS17_GC02_93,GS17_GC02_59,93,13,845454.908737531,8892812.56361971,9738267.47235724,FALSE,95,No,AMOR
GS17_GC02_93.2,GS17_GC02_60,R,13,908429.677212064,8892812.56361971,9801242.24083177,FALSE,95,No,AMOR
GS17_GC02_93.3,GS17_GC02_61,R,R,499241.485816525,5240396.47589544,5739637.96171197,FALSE,95,No,AMOR
GS17_GC02_94,GS17_GC02_62,94,13,661511.3394601,6010168.10825893,6671679.44771903,FALSE,95,No,AMOR
GS17_GC02_95,GS17_GC02_63,95,13,748062.36328125,5269035,6017097.36328125,FALSE,95,No,AMOR
GS17_GC02_96,GS17_GC02_64,96,13,385984.28723202,3977562.6717033,4363546.95893532,FALSE,95,No,AMOR
GS17_GC02_97,GS17_GC02_65,97,13,358077.293750585,4550109.07632121,4908186.3700718,FALSE,95,No,AMOR
GS17_GC02_98,GS17_GC02_66,98,13,554777.712435336,7231361.01800042,7786138.73043576,FALSE,95,No,AMOR
GS17_GC02_99,GS17_GC02_67,99,13,334269.052734376,3159613.359375,3493882.41210938,FALSE,95,No,AMOR
GS17_GC02_100,GS17_GC02_68,100,13,456335.201778928,2430255.18193975,2886590.38371868,FALSE,95,No,AMOR
GS17_GC02_101,GS17_GC02_69,101,13,560240.20163717,3184562.99872949,3744803.20036666,FALSE,95,No,AMOR
GS17_GC02_102,GS17_GC02_70,102,13,452638.421309621,3601504.67722039,4054143.09853001,FALSE,95,No,AMOR
GS17_GC02_103,GS17_GC02_71,103,13,134148.253879901,1060570.58916526,1194718.84304516,FALSE,95,No,AMOR
GS17_GC02_104,GS17_GC02_72,104,13,244286.141744474,1291791.42420556,1536077.56595003,FALSE,95,No,AMOR
GS17_GC02_105,GS17_GC02_73,105,13,205483.480229239,1132033.10188843,1337516.58211767,FALSE,95,No,AMOR
GS17_GC02_106,GS17_GC02_74,106,13,5541.27643402036,1132033.10188843,1137574.37832245,TRUE,95,No,AMOR
GS17_GC02_107,GS17_GC02_75,107,13,278062.581304294,1716091.78229944,1994154.36360373,FALSE,95,No,AMOR
GS17_GC02_108,GS17_GC02_76,108,13,209242.622002021,1409204.91251912,1618447.53452114,FALSE,95,No,AMOR
GS17_GC02_109,GS17_GC02_77,109,13,445716.077061326,2220033.97337148,2665750.05043281,FALSE,95,No,AMOR
GS17_GC02_110,GS17_GC02_78,110,13,251125.18439313,1466566.12605485,1717691.31044798,FALSE,95,No,AMOR
GS17_GC02_111,GS17_GC02_79,111,13,242680.383030373,1175428.05732051,1418108.44035088,FALSE,95,No,AMOR
GS17_GC02_112,GS17_GC02_80,112,13,361168.187326161,1653655.2069699,2014823.39429606,FALSE,95,No,AMOR
GS17_GC02_113,GS17_GC02_83,113,13,173856.44685336,1213717.03930356,1387573.48615692,FALSE,95,No,AMOR
GS17_GC02_114,GS17_GC02_84,114,13,218631.384761323,1603717.06790336,1822348.45266468,FALSE,95,No,AMOR
GS17_GC02_114.5,GS17_GC02_85,R,13,141178.034222315,1169984.07273065,1311162.10695297,FALSE,95,No,AMOR
GS17_GC02_115,GS17_GC02_86,115,13,10391.4045638148,122583.197805204,132974.602369019,FALSE,95,No,AMOR
GS17_GC02_125,GS17_GC02_87,125,13,152164.968282234,1225701.11443015,1377866.08271238,FALSE,95,No,AMOR
GS17_GC02_135,GS17_GC02_88,135,13,143563.910091624,2992828.51275276,3136392.42284438,FALSE,95,No,AMOR
GS17_GC02_150,GS17_GC02_89,150,13,131112.269810268,2749140.90401786,2880253.17382813,FALSE,95,No,AMOR
GS17_GC02_170,GS17_GC02_90,170,13,101995.396400566,1683523.16785215,1785518.56425272,FALSE,95,No,AMOR
GS17_GC02_190,GS17_GC02_91,190,13,54684.3177720856,978362.699129682,1033047.01690177,FALSE,95,No,AMOR
GS17_GC02_210,GS17_GC02_92,210,13,45640.0023566352,1199643.84856047,1245283.85091711,FALSE,95,No,AMOR
GS17_GC02_240,GS17_GC02_93,240,13,96598.38787345,841103.487236555,937701.875110005,FALSE,95,No,AMOR
GS17_GC04_3,GS17_GC04_01,3,14,NA,NA,NA,TRUE,97,No,AMOR
GS17_GC04_10,GS17_GC04_02,10,14,NA,NA,NA,TRUE,97,No,AMOR
GS17_GC04_20,GS17_GC04_03,20,14,NA,NA,NA,TRUE,97,No,AMOR
GS17_GC04_30,GS17_GC04_04,30,14,NA,NA,NA,TRUE,97,No,AMOR
GS17_GC04_40,GS17_GC04_05,40,14,NA,NA,NA,TRUE,97,No,AMOR
GS17_GC04_50,GS17_GC04_06,50,14,NA,NA,NA,TRUE,97,No,AMOR
GS17_GC04_60,GS17_GC04_07,60,14,NA,NA,NA,TRUE,97,No,AMOR
GS17_GC04_75,GS17_GC04_08,75,14,NA,NA,NA,TRUE,97,No,AMOR
GS17_GC04_90,GS17_GC04_09,90,14,NA,NA,NA,TRUE,97,No,AMOR
GS17_GC04_91,GS17_GC04_10,91,14,NA,NA,NA,TRUE,97,No,AMOR
GS17_GC04_92,GS17_GC04_11,92,14,NA,NA,NA,TRUE,97,No,AMOR
GS17_GC04_93,GS17_GC04_12,93,14,NA,NA,NA,TRUE,97,No,AMOR
GS17_GC04_94,GS17_GC04_13,94,14,NA,NA,NA,TRUE,97,No,AMOR
GS17_GC04_95,GS17_GC04_14,95,14,NA,NA,NA,TRUE,97,No,AMOR
GS17_GC04_96,GS17_GC04_15,96,14,NA,NA,NA,TRUE,97,No,AMOR
GS17_GC04_97,GS17_GC04_16,97,14,NA,NA,NA,TRUE,97,No,AMOR
GS17_GC04_98,GS17_GC04_17,98,14,NA,NA,NA,TRUE,97,No,AMOR
GS17_GC04_99,GS17_GC04_18,99,14,NA,NA,NA,TRUE,97,No,AMOR
GS17_GC04_100,GS17_GC04_19,100,14,NA,NA,NA,TRUE,97,No,AMOR
GS17_GC04_101,GS17_GC04_20,101,14,NA,NA,NA,TRUE,97,No,AMOR
GS17_GC04_110,GS17_GC04_21,110,14,NA,NA,NA,TRUE,97,No,AMOR
GS17_GC04_103,GS17_GC04_22,103,14,NA,NA,NA,TRUE,97,No,AMOR
GS17_GC04_104,GS17_GC04_23,104,14,NA,NA,NA,TRUE,97,No,AMOR
GS17_GC04_105,GS17_GC04_24,105,14,NA,NA,NA,TRUE,97,No,AMOR
GS17_GC04_106,GS17_GC04_25,106,14,NA,NA,NA,TRUE,97,No,AMOR
GS17_GC04_107,GS17_GC04_26,107,14,NA,NA,NA,TRUE,97,No,AMOR
GS17_GC04_108,GS17_GC04_27,108,14,NA,NA,NA,TRUE,97,No,AMOR
GS17_GC04_109,GS17_GC04_28,109,14,NA,NA,NA,TRUE,97,No,AMOR
GS17_GC04_102,GS17_GC04_29,102,14,NA,NA,NA,TRUE,97,No,AMOR
GS17_GC04_111,GS17_GC04_30,111,14,NA,NA,NA,TRUE,97,No,AMOR
GS17_GC04_112,GS17_GC04_31,112,14,NA,NA,NA,TRUE,97,No,AMOR
GS17_GC04_113,GS17_GC04_32,113,14,NA,NA,NA,TRUE,97,No,AMOR
GS17_GC04_114,GS17_GC04_33,114,14,NA,NA,NA,TRUE,97,No,AMOR
GS17_GC04_115,GS17_GC04_34,115,14,NA,NA,NA,TRUE,97,No,AMOR
GS17_GC04_116,GS17_GC04_35,116,14,NA,NA,NA,TRUE,97,No,AMOR
GS17_GC04_117,GS17_GC04_36,117,14,NA,NA,NA,TRUE,97,No,AMOR
GS17_GC04_118,GS17_GC04_37,118,14,NA,NA,NA,TRUE,97,No,AMOR
GS17_GC04_119,GS17_GC04_38,119,14,NA,NA,NA,TRUE,97,No,AMOR
GS17_GC04_120,GS17_GC04_39,120,14,NA,NA,NA,TRUE,97,No,AMOR
GS17_GC04_121,GS17_GC04_40,121,14,NA,NA,NA,TRUE,97,No,AMOR
GS17_GC04_122,GS17_GC04_41,122,14,NA,NA,NA,TRUE,97,No,AMOR
GS17_GC04_123,GS17_GC04_42,123,14,NA,NA,NA,TRUE,97,No,AMOR
GS17_GC04_124,GS17_GC04_43,124,14,NA,NA,NA,TRUE,97,No,AMOR
GS17_GC04_125,GS17_GC04_44,125,14,NA,NA,NA,TRUE,97,No,AMOR
GS17_GC04_126,GS17_GC04_45,126,14,NA,NA,NA,TRUE,97,No,AMOR
GS17_GC04_127,GS17_GC04_46,127,14,NA,NA,NA,TRUE,97,No,AMOR
GS17_GC04_128,GS17_GC04_47,128,14,NA,NA,NA,TRUE,97,No,AMOR
GS17_GC04_129,GS17_GC04_48,129,14,NA,NA,NA,TRUE,97,No,AMOR
GS17_GC04_130,GS17_GC04_49,130,14,NA,NA,NA,TRUE,97,No,AMOR
GS17_GC04_131,GS17_GC04_50,131,14,NA,NA,NA,TRUE,97,No,AMOR
GS17_GC04_132,GS17_GC04_51,132,14,NA,NA,NA,TRUE,97,No,AMOR
GS17_GC04_133,GS17_GC04_52,133,14,NA,NA,NA,TRUE,97,No,AMOR
GS17_GC04_134,GS17_GC04_53,134,14,NA,NA,NA,TRUE,97,No,AMOR
GS17_GC04_135,GS17_GC04_54,135,14,NA,NA,NA,TRUE,97,No,AMOR
GS17_GC04_136,GS17_GC04_55,136,14,NA,NA,NA,TRUE,97,No,AMOR
GS17_GC04_137,GS17_GC04_56,137,14,NA,NA,NA,TRUE,97,No,AMOR
GS17_GC04_138,GS17_GC04_57,138,14,NA,NA,NA,TRUE,97,No,AMOR
GS17_GC04_139,GS17_GC04_58,139,14,NA,NA,NA,TRUE,97,No,AMOR
GS17_GC04_140,GS17_GC04_59,140,14,NA,NA,NA,TRUE,97,No,AMOR
GS17_GC04_141,GS17_GC04_60,141,14,NA,NA,NA,TRUE,97,No,AMOR
GS17_GC04_142,GS17_GC04_61,142,14,NA,NA,NA,TRUE,97,No,AMOR
GS17_GC04_143,GS17_GC04_62,143,14,NA,NA,NA,TRUE,97,No,AMOR
GS17_GC04_144,GS17_GC04_63,144,14,NA,NA,NA,TRUE,97,No,AMOR
GS17_GC04_145,GS17_GC04_64,145,14,NA,NA,NA,TRUE,97,No,AMOR
GS17_GC04_146,GS17_GC04_65,146,14,NA,NA,NA,TRUE,97,No,AMOR
GS17_GC04_147,GS17_GC04_66,147,14,NA,NA,NA,TRUE,97,No,AMOR
GS17_GC04_148,GS17_GC04_67,148,14,NA,NA,NA,TRUE,97,No,AMOR
GS17_GC04_149,GS17_GC04_68,149,14,NA,NA,NA,TRUE,97,No,AMOR
GS17_GC04_150,GS17_GC04_69,150,14,NA,NA,NA,TRUE,97,No,AMOR
GS17_GC04_165,GS17_GC04_70,165,14,NA,NA,NA,TRUE,97,No,AMOR
GS17_GC04_210,GS17_GC04_71,210,14,NA,NA,NA,TRUE,97,No,AMOR
GS17_GC04_240,GS17_GC04_72,240,14,NA,NA,NA,TRUE,97,No,AMOR
GS17_GC04_241,GS17_GC04_73,241,14,NA,NA,NA,TRUE,97,No,AMOR
GS17_GC04_242,GS17_GC04_74,242,14,NA,NA,NA,TRUE,97,No,AMOR
GS17_GC04_243,GS17_GC04_75,243,14,NA,NA,NA,TRUE,97,No,AMOR
GS17_GC04_244,GS17_GC04_76,244,14,NA,NA,NA,TRUE,97,No,AMOR
GS17_GC04_245,GS17_GC04_77,245,14,NA,NA,NA,TRUE,97,No,AMOR
GS17_GC04_246,GS17_GC04_78,246,14,NA,NA,NA,TRUE,97,No,AMOR
GS17_GC04_247,GS17_GC04_79,247,14,NA,NA,NA,TRUE,97,No,AMOR
GS17_GC04_248,GS17_GC04_80,248,14,NA,NA,NA,TRUE,97,No,AMOR
GS17_GC04_249,GS17_GC04_81,249,14,NA,NA,NA,TRUE,97,No,AMOR
GS17_GC04_250,GS17_GC04_82,250,14,NA,NA,NA,TRUE,97,No,AMOR
GS17_GC04_250.5,GS17_GC04_83,250.5,14,NA,NA,NA,TRUE,97,No,AMOR
GS17_GC04_252,GS17_GC04_84,252,14,NA,NA,NA,TRUE,97,No,AMOR
GS17_GC04_253,GS17_GC04_85,253,14,NA,NA,NA,TRUE,97,No,AMOR
GS17_GC04_254,GS17_GC04_86,254,14,NA,NA,NA,TRUE,97,No,AMOR
GS17_GC04_255,GS17_GC04_87,255,14,NA,NA,NA,TRUE,97,No,AMOR
GS17_GC04_256,GS17_GC04_88,256,14,NA,NA,NA,TRUE,97,No,AMOR
GS17_GC04_257,GS17_GC04_89,257,14,NA,NA,NA,TRUE,97,No,AMOR
GS17_GC04_258,GS17_GC04_90,258,14,NA,NA,NA,TRUE,97,No,AMOR
GS17_GC04_259,GS17_GC04_91,259,14,NA,NA,NA,TRUE,97,No,AMOR
GS17_GC04_260,GS17_GC04_92,260,14,NA,NA,NA,TRUE,97,No,AMOR
GS17_GC04_290,GS17_GC04_93,290,14,NA,NA,NA,TRUE,97,No,AMOR
GS17_GC05_05,GS17_GC05_01,5,15,3660545.70168091,10947685.4927218,14608231.1944027,FALSE,30,No,AMOR
GS17_GC05_10,GS17_GC05_02,10,15,1678648.77286755,7131134.61966192,8809783.39252947,FALSE,30,No,AMOR
GS17_GC05_20,GS17_GC05_03,20,15,760521.187918527,3483710.86774554,4244232.05566407,FALSE,30,No,AMOR
GS17_GC05_30,GS17_GC05_04,30,15,315442.147999507,2063685.50145349,2379127.649453,FALSE,30,No,AMOR
GS17_GC05_40,GS17_GC05_05,40,15,222517.9472673,1491947.63078902,1714465.57805632,FALSE,30,No,AMOR
GS17_GC05_50,GS17_GC05_06,50,15,362093.211807275,1506869.56003615,1868962.77184343,FALSE,30,No,AMOR
GS17_GC05_75,GS17_GC05_07,75,15,211216.227213542,541908.281698994,753124.508912536,FALSE,30,No,AMOR
GS17_GC05_100,GS17_GC05_08,100,15,153539.860423018,567616.472942073,721156.333365091,FALSE,30,No,AMOR
GS17_GC05_125,GS17_GC05_09,125,15,179200.041013859,503169.556767772,682369.597781631,FALSE,30,No,AMOR
GS17_GC05_150,GS17_GC05_10,150,15,74722.2336349784,410029.89297711,484752.126612088,FALSE,30,No,AMOR
GS17_GC05_175,GS17_GC05_11,175,15,58032.36242843,147908.913599302,205941.276027732,FALSE,30,No,AMOR
GS17_GC05_200,GS17_GC05_12,200,15,40082.3692365878,134143.43685084,174225.806087428,FALSE,30,No,AMOR
GS17_GC05_225,GS17_GC05_13,225,15,4109.83341778537,0,4109.83341778537,TRUE,30,No,AMOR
GS17_GC05_250,GS17_GC05_14,250,15,36620.3218498486,56473.2749990169,93093.5968488655,FALSE,30,No,AMOR
GS17_GC05_275,GS17_GC05_15,275,15,39563.3099849266,32635.5504344003,72198.8604193269,FALSE,30,No,AMOR
GS17_GC05_300,GS17_GC05_16,300,15,27942.4184528673,36516.7737649202,64459.1922177875,FALSE,30,No,AMOR
GS17_GC05_325,GS17_GC05_17,325,15,4899.95577756096,7395.18810721005,12295.143884771,FALSE,30,No,AMOR
GS17_GC05_350,GS17_GC05_18,350,15,5084.76625574697,0,5084.76625574697,TRUE,30,No,AMOR
GS17_GC05_375,GS17_GC05_19,375,15,28258.7067805962,96741.749538612,125000.456319208,FALSE,30,No,AMOR
GS17_GC05_400,GS17_GC05_20,400,15,109425.084277837,122940.032650726,232365.116928563,FALSE,30,No,AMOR
GS19_GC10_001_E1_S1,GS19_GC10_001_E1_S1,R,17,106065142.299107,7880000,113946087.995257,FALSE,97,No,AMOR
GS19_GC10_001_E1_S2,GS19_GC10_001_E1_S2,1,17,106065142.299107,7880000,113946087.995257,FALSE,97,No,AMOR
GS19_GC10_002_E1_S1,GS19_GC10_002_E1_S1,R,17,66189989.6056867,7220000,73406121.1188975,FALSE,97,No,AMOR
GS19_GC10_002_E1_S2,GS19_GC10_002_E1_S2,2,17,66189989.6056867,7220000,73406121.1188975,FALSE,97,No,AMOR
GS19_GC10_003_E1_S1,GS19_GC10_003_E1_S1,R,17,69938416.6666667,9840901.04166667,79779317.7083334,FALSE,97,No,AMOR
GS19_GC10_003_E1_S2,GS19_GC10_003_E1_S2,3,17,69938416.6666667,9840901.04166667,79779317.7083334,FALSE,97,No,AMOR
GS19_GC10_004_E1_S1,GS19_GC10_004_E1_S1,R,17,17644898.4375,4862587.5,22507485.9375,FALSE,97,No,AMOR
GS19_GC10_004_E1_S2,GS19_GC10_004_E1_S2,4,17,17644898.4375,4862587.5,22507485.9375,FALSE,97,No,AMOR
GS19_GC10_005_E1_S1,GS19_GC10_005_E1_S1,R,17,3713945.68583375,1134485.30538701,4848430.99122076,FALSE,97,No,AMOR
GS19_GC10_005_E1_S2,GS19_GC10_005_E1_S2,5,17,3713945.68583375,1134485.30538701,4848430.99122076,FALSE,97,No,AMOR
GS19_GC10_005_E2_S1,GS19_GC10_005_E2_S1,5,17,3713945.68583375,1134485.30538701,4848430.99122076,FALSE,97,No,AMOR
GS19_GC10_006_E1_S1,GS19_GC10_006_E1_S1,6,17,2540451.20497881,947198.107013595,3487649.31199241,FALSE,97,No,AMOR
GS19_GC10_007_E1_S1,GS19_GC10_007_E1_S1,7,17,1235849.28692512,516123.081423202,1751972.36834832,FALSE,97,No,AMOR
GS19_GC10_008_E1_S1,GS19_GC10_008_E1_S1,R,17,2875235.91905159,1456586.48293121,4331822.4019828,FALSE,97,No,AMOR
GS19_GC10_008_E1_S2,GS19_GC10_008_E1_S2,R,17,2875235.91905159,1456586.48293121,4331822.4019828,FALSE,97,No,AMOR
GS19_GC10_008_E2_S1,GS19_GC10_008_E2_S1,8,17,2875235.91905159,1456586.48293121,4331822.4019828,FALSE,97,No,AMOR
GS19_GC10_009_E1_S1,GS19_GC10_009_E1_S1,R,17,207546.851748512,129836.009797596,337382.861546108,FALSE,97,No,AMOR
GS19_GC10_009_E2_S1,GS19_GC10_009_E2_S1,9,17,207546.851748512,129836.009797596,337382.861546108,FALSE,97,No,AMOR
GS19_GC10_010_E1_S1,GS19_GC10_010_E1_S1,10,17,209413.951286266,148890.096867162,358304.048153428,FALSE,97,No,AMOR
GS19_GC10_011_E1_S1,GS19_GC10_011_E1_S1,11,17,241837.232185133,171416.773940577,413254.00612571,FALSE,97,No,AMOR
GS19_GC10_012_E1_S1,GS19_GC10_012_E1_S1,12,17,138839.382953926,125502.356111877,264341.739065803,FALSE,97,No,AMOR
GS19_GC10_013_E1_S1,GS19_GC10_013_E1_S1,13,17,33727.5207358062,26980.3788926866,60707.8996284928,FALSE,97,No,AMOR
GS19_GC10_014_E1_S1,GS19_GC10_014_E1_S1,14,17,1487441.74179873,1165206.83686315,2652648.57866188,FALSE,97,No,AMOR
GS19_GC10_015_E1_S1,GS19_GC10_015_E1_S1,R,17,1119133.54697348,1021950.0886292,2141083.63560268,FALSE,97,No,AMOR
GS19_GC10_015_E1_S2,GS19_GC10_015_E1_S2,15,17,1119133.54697348,1021950.0886292,2141083.63560268,FALSE,97,No,AMOR
GS19_GC10_016_E1_S1,GS19_GC10_016_E1_S1,R,17,1503107.58359873,1221362.38243929,2724469.96603802,FALSE,97,No,AMOR
GS19_GC10_016_E1_S2,GS19_GC10_016_E1_S2,16,17,1503107.58359873,1221362.38243929,2724469.96603802,FALSE,97,No,AMOR
GS19_GC10_017_E1_S1,GS19_GC10_017_E1_S1,R,17,2039381.8359375,1408110.7823989,3447492.6183364,FALSE,97,No,AMOR
GS19_GC10_017_E2_S1,GS19_GC10_017_E2_S1,17,17,2039381.8359375,1408110.7823989,3447492.6183364,FALSE,97,No,AMOR
GS19_GC10_018_E1_S1,GS19_GC10_018_E1_S1,18,17,1298103.20723684,984347.630550987,2282450.83778783,FALSE,97,No,AMOR
GS19_GC10_019_E1_S1,GS19_GC10_019_E1_S1,R,17,842634.946341192,678241.944228203,1520876.8905694,FALSE,97,No,AMOR
GS19_GC10_019_E1_S2,GS19_GC10_019_E1_S2,19,17,842634.946341192,678241.944228203,1520876.8905694,FALSE,97,No,AMOR
GS19_GC10_019_E2_S1,GS19_GC10_019_E2_S1,R,R,NA,NA,NA,TRUE,97,No,AMOR
GS19_GC10_020_E1_S1,GS19_GC10_020_E1_S1,20,17,508137.391909523,482717.034430919,990854.426340442,FALSE,97,No,AMOR
GS19_GC10_021_E1_S1,GS19_GC10_021_E1_S1,21,17,351839.094895582,358128.133920522,709967.228816104,FALSE,97,No,AMOR
GS19_GC10_022_E1_S1,GS19_GC10_022_E1_S1,22,17,233411.621925575,198330.314155331,431741.936080906,FALSE,97,No,AMOR
GS19_GC10_023_E1_S1,GS19_GC10_023_E1_S1,23,17,849258.588005515,393500.674977021,1242759.26298254,FALSE,97,No,AMOR
GS19_GC10_024_E1_S1,GS19_GC10_024_E1_S1,24,17,479951.060901988,151179.578179779,631130.639081767,FALSE,97,No,AMOR
GS19_GC10_025_E1_S1,GS19_GC10_025_E1_S1,25,17,173092.935251635,44989.0580288199,218081.993280455,FALSE,97,No,AMOR
GS19_GC10_026_E1_S1,GS19_GC10_026_E1_S1,R,R,173092.935251635,44989.0580288199,218081.993280455,TRUE,97,No,AMOR
GS19_GC10_026_E1_S2,GS19_GC10_026_E1_S2,26,17,959505.131559552,422040.956997749,1381546.0885573,FALSE,97,No,AMOR
GS19_GC10_027_E1_S1,GS19_GC10_027_E1_S1,27,17,294895.669812353,137740.738057645,432636.407869998,FALSE,97,No,AMOR
GS19_GC10_028_E1_S1,GS19_GC10_028_E1_S1,28,17,765947.326383979,229571.754144867,995519.080528846,FALSE,97,No,AMOR
GS19_GC10_028_E2_S1,GS19_GC10_028_E2_S1,R,17,765947.326383979,229571.754144867,995519.080528846,FALSE,97,No,AMOR
GS19_GC10_029_E1_S1,GS19_GC10_029_E1_S1,29,17,871796.514704364,300854.283807562,1172650.79851193,FALSE,97,No,AMOR
GS19_GC10_030_E1_S1,GS19_GC10_030_E1_S1,30,17,963326.231060606,469782.381924715,1433108.61298532,FALSE,97,No,AMOR
GS19_GC10_031_E1_S1,GS19_GC10_031_E1_S1,R,17,1043489.15115387,401694.098646511,1445183.24980038,FALSE,97,No,AMOR
GS19_GC10_031_E2_S1,GS19_GC10_031_E2_S1,31,17,1043489.15115387,401694.098646511,1445183.24980038,FALSE,97,No,AMOR
GS19_GC10_032_E1_S1,GS19_GC10_032_E1_S1,R,R,NA,NA,NA,TRUE,97,No,AMOR
GS19_GC10_032_E2_S1,GS19_GC10_032_E2_S1,32,17,35041.8437610973,5695.21622224288,40737.0599833402,FALSE,97,No,AMOR
GS19_GC10_033_E1_S1,GS19_GC10_033_E1_S1,R,17,1007748.2358871,397243.219191027,1404991.45507813,FALSE,97,No,AMOR
GS19_GC10_033_E2_S1,GS19_GC10_033_E2_S1,33,17,1007748.2358871,397243.219191027,1404991.45507813,FALSE,97,No,AMOR
GS19_GC10_034_E1_S1,GS19_GC10_034_E1_S1,R,17,966720.608302525,438881.083897182,1405601.69219971,FALSE,97,No,AMOR
GS19_GC10_034_E2_S1,GS19_GC10_034_E2_S1,34,17,966720.608302525,438881.083897182,1405601.69219971,FALSE,97,No,AMOR
GS19_GC10_035_E1_S1,GS19_GC10_035_E1_S1,35,17,1584677.21121652,440293.535505021,2024970.74672154,FALSE,97,No,AMOR
GS19_GC10_036_E1_S1,GS19_GC10_036_E1_S1,36,17,732806.989698637,287097.748000472,1019904.73769911,FALSE,97,No,AMOR
GS19_GC10_037_E1_S1,GS19_GC10_037_E1_S1,37,17,623853.238143585,194573.194865088,818426.433008673,FALSE,97,No,AMOR
GS19_GC10_038_E1_S1,GS19_GC10_038_E1_S1,R,17,1352153.55657762,385450.449297505,1737604.00587513,FALSE,97,No,AMOR
GS19_GC10_038_E2_S1,GS19_GC10_038_E2_S1,38,17,1352153.55657762,385450.449297505,1737604.00587513,FALSE,97,No,AMOR
GS19_GC10_039_E1_S1,GS19_GC10_039_E1_S1,39,17,32728.2162894189,385450.449297505,418178.665586924,FALSE,97,No,AMOR
GS19_GC10_039_E2_S1,GS19_GC10_039_E2_S1,R,R,NA,NA,NA,TRUE,97,No,AMOR
GS19_GC10_040_E1_S1,GS19_GC10_040_E1_S1,R,R,NA,NA,NA,TRUE,97,No,AMOR
GS19_GC10_040_E2_S1,GS19_GC10_040_E2_S1,40,17,35993.2114806356,1018.70675630207,37011.9182369377,FALSE,97,No,AMOR
GS19_GC10_041_E1_S1,GS19_GC10_041_E1_S1,R,17,321359.042463631,95706.5626122486,417065.60507588,FALSE,97,No,AMOR
GS19_GC10_041_E2_S1,GS19_GC10_041_E2_S1,41,17,321359.042463631,95706.5626122486,417065.60507588,FALSE,97,No,AMOR
GS19_GC10_042_E1_S1,GS19_GC10_042_E1_S1,42,17,350388.149539799,118932.846789708,469320.996329507,FALSE,97,No,AMOR
GS19_GC10_043_E1_S1,GS19_GC10_043_E1_S1,43,17,333553.277489973,83989.1647910052,417542.442280978,FALSE,97,No,AMOR
GS19_GC10_044_E1_S1,GS19_GC10_044_E1_S1,44,17,358739.600548377,87107.3825542744,445846.983102651,FALSE,97,No,AMOR
GS19_GC10_045_E1_S1,GS19_GC10_045_E1_S1,45,17,422561.325672932,164353.449792321,586914.775465253,FALSE,97,No,AMOR
GS19_GC10_046_E1_S1,GS19_GC10_046_E1_S1,46,17,393379.945087647,229205.143155686,622585.088243333,FALSE,97,No,AMOR
GS19_GC10_047_E1_S1,GS19_GC10_047_E1_S1,47,17,382058.806466584,142313.4409083,524372.247374884,FALSE,97,No,AMOR
GS19_GC10_048_E1_S1,GS19_GC10_048_E1_S1,48,17,321773.441395861,151049.700797872,472823.142193733,FALSE,97,No,AMOR
GS19_GC10_049_E1_S1,GS19_GC10_049_E1_S1,49,17,298755.867731892,101131.982033876,399887.849765768,FALSE,97,No,AMOR
GS19_GC10_050_E1_S1,GS19_GC10_050_E1_S1,50,17,208094.031896718,73475.0041925478,281569.036089266,FALSE,97,No,AMOR
GS19_GC10_051_E1_S1,GS19_GC10_051_E1_S1,51,17,117557.010461788,43795.492342203,161352.502803991,FALSE,97,No,AMOR
GS19_GC10_051_E2_S1,GS19_GC10_051_E2_S1,R,R,117557.010461788,43795.492342203,161352.502803991,TRUE,97,No,AMOR
GS19_GC10_052_E1_S1,GS19_GC10_052_E1_S1,52,17,352977.999069112,192877.978896246,545855.977965358,FALSE,97,No,AMOR
GS19_GC10_053_E1_S1,GS19_GC10_053_E1_S1,53,17,276764.131433824,114145.373176126,390909.50460995,FALSE,97,No,AMOR
GS19_GC10_053_E2_S1,GS19_GC10_053_E2_S1,R,R,276764.131433824,114145.373176126,390909.50460995,TRUE,97,No,AMOR
GS19_GC10_054_E1_S1,GS19_GC10_054_E1_S1,R,17,307006.111054409,157337.255772389,464343.366826798,FALSE,97,No,AMOR
GS19_GC10_054_E2_S1,GS19_GC10_054_E2_S1,54,17,307006.111054409,157337.255772389,464343.366826798,FALSE,97,No,AMOR
GS19_GC10_055_E1_S1,GS19_GC10_055_E1_S1,55,17,430384.938309831,237369.322512472,667754.260822303,FALSE,97,No,AMOR
GS19_GC10_056_E1_S1,GS19_GC10_056_E1_S1,56,17,268701.578776041,105953.439565805,374655.018341846,FALSE,97,No,AMOR
GS19_GC10_057_E1_S1,GS19_GC10_057_E1_S1,57,17,170181.02389663,79054.9662575793,249235.990154209,FALSE,97,No,AMOR
GS19_GC10_058_E1_S1,GS19_GC10_058_E1_S1,58,17,263327.266393083,138283.075911275,401610.342304358,FALSE,97,No,AMOR
GS19_GC10_059_E1_S1,GS19_GC10_059_E1_S1,59,17,16440.8503712474,246.90382130496,16687.7541925524,FALSE,97,No,AMOR
GS19_GC10_060_E1_S1,GS19_GC10_060_E1_S1,R,17,29553.3758825837,13326.7466493231,42880.1225319068,FALSE,97,No,AMOR
GS19_GC10_060_E1_S2,GS19_GC10_060_E1_S2,60,17,29553.3758825837,13326.7466493231,42880.1225319068,FALSE,97,No,AMOR
GS19_GC10_061_E1_S1,GS19_GC10_061_E1_S1,R,17,22565.7124033589,2674.94968961529,25240.6620929742,FALSE,97,No,AMOR
GS19_GC10_061_E1_S2,GS19_GC10_061_E1_S2,61,17,22565.7124033589,2674.94968961529,25240.6620929742,FALSE,97,No,AMOR
GS19_GC10_062_E1_S1,GS19_GC10_062_E1_S1,62,17,506053.721211956,250493.932200338,756547.653412294,FALSE,97,No,AMOR
GS19_GC10_063_E1_S1,GS19_GC10_063_E1_S1,63,17,472732.543945313,173973.971982546,646706.515927859,FALSE,97,No,AMOR
GS19_GC10_064_E1_S1,GS19_GC10_064_E1_S1,64,17,399011.45792896,147597.678996021,546609.136924981,FALSE,97,No,AMOR
GS19_GC10_065_E1_S1,GS19_GC10_065_E1_S1,65,17,343272.959493204,127947.487381991,471220.446875195,FALSE,97,No,AMOR
GS19_GC10_066_E1_S1,GS19_GC10_066_E1_S1,R,17,110850.030374425,30184.4314217314,141034.461796156,FALSE,97,No,AMOR
GS19_GC10_066_E2_S1,GS19_GC10_066_E2_S1,66,17,110850.030374425,30184.4314217314,141034.461796156,FALSE,97,No,AMOR
GS19_GC10_067_E1_S1,GS19_GC10_067_E1_S1,67,17,68035.7194190953,29416.7059680301,97452.4253871254,FALSE,97,No,AMOR
GS19_GC10_068_E1_S1,GS19_GC10_068_E1_S1,R,17,317303.013752415,180581.916730429,497884.930482844,FALSE,97,No,AMOR
GS19_GC10_068_E2_S1,GS19_GC10_068_E2_S1,68,17,317303.013752415,180581.916730429,497884.930482844,FALSE,97,No,AMOR
GS19_GC10_069_E2_S1,GS19_GC10_069_E2_S1,69,17,16430.0209138451,0,16430.0209138451,FALSE,97,No,AMOR
GS19_GC10_070_E1_S1,GS19_GC10_070_E1_S1,R,17,334166.324013158,198733.289216694,532899.613229852,FALSE,97,No,AMOR
GS19_GC10_070_E2_S1,GS19_GC10_070_E2_S1,70,17,334166.324013158,198733.289216694,532899.613229852,FALSE,97,No,AMOR
GS19_GC10_071_E1_S1,GS19_GC10_071_E1_S1,71,17,179377.716266556,111043.685003622,290421.401270178,FALSE,97,No,AMOR
GS19_GC10_072_E1_S1,GS19_GC10_072_E1_S1,72,17,284387.844619596,163194.011819773,447581.856439369,FALSE,97,No,AMOR
GS19_GC10_073_E1_S1,GS19_GC10_073_E1_S1,73,17,288990.023917677,143279.032093855,432269.056011532,FALSE,97,No,AMOR
GS19_GC10_074_E1_S1,GS19_GC10_074_E1_S1,74,17,408765.450051302,210631.768714448,619397.21876575,FALSE,97,No,AMOR
GS19_GC10_075_E1_S1,GS19_GC10_075_E1_S1,75,17,94469.4182236684,35430.5501634009,129899.968387069,FALSE,97,No,AMOR
GS19_GC10_076_E1_S1,GS19_GC10_076_E1_S1,76,17,58814.6535361686,19417.7848536794,78232.438389848,FALSE,97,No,AMOR
GS19_GC10_077_E1_S1,GS19_GC10_077_E1_S1,77,17,97762.6291910807,26492.7588568793,124255.38804796,FALSE,97,No,AMOR
GS19_GC10_078_E1_S1,GS19_GC10_078_E1_S1,78,17,156094.488664107,67850.1736034047,223944.662267512,FALSE,97,No,AMOR
GS19_GC10_079_E1_S1,GS19_GC10_079_E1_S1,79,17,245063.18553394,114550.124414709,359613.309948649,FALSE,97,No,AMOR
GS19_GC10_080_E1_S1,GS19_GC10_080_E1_S1,80,17,28416.3776383524,8814.36979017293,37230.7474285253,FALSE,97,No,AMOR
GS19_GC10_081_E1_S1,GS19_GC10_081_E1_S1,81,17,137745.621090844,84501.838684082,222247.459774926,FALSE,97,No,AMOR
GS19_GC10_082_E1_S1,GS19_GC10_082_E1_S1,82,17,NA,NA,NA,TRUE,97,No,AMOR
GS19_GC10_083_E1_S1,GS19_GC10_083_E1_S1,R,R,205813.524650805,131995.525938092,337809.050588897,FALSE,97,No,AMOR
GS19_GC10_083_E1_S2,GS19_GC10_083_E1_S2,83,17,205813.524650805,131995.525938092,337809.050588897,FALSE,97,No,AMOR
GS19_GC10_084_E1_S1,GS19_GC10_084_E1_S1,84,17,53377.9219676383,14214.353599096,67592.2755667343,FALSE,97,No,AMOR
GS19_GC10_085_E1_S1,GS19_GC10_085_E1_S1,85,17,99940.3858636793,76606.4630300513,176546.848893731,FALSE,97,No,AMOR
GS19_GC10_086_E1_S1,GS19_GC10_086_E1_S1,86,17,33065.7181295653,12630.4267789442,45696.1449085095,FALSE,97,No,AMOR
GS19_GC10_087_E1_S1,GS19_GC10_087_E1_S1,87,17,27785.2425208459,11319.6991302155,39104.9416510614,FALSE,97,No,AMOR
GS19_GC10_088_E1_S1,GS19_GC10_088_E1_S1,R,17,68496.0596309686,25423.3532070373,93919.4128380059,FALSE,97,No,AMOR
GS19_GC10_088_E2_S1,GS19_GC10_088_E2_S1,88,17,68496.0596309686,25423.3532070373,93919.4128380059,FALSE,97,No,AMOR
GS19_GC10_089_E2_S1,GS19_GC10_089_E2_S1,R,R,NA,NA,NA,TRUE,97,No,AMOR
GS19_GC10_089_E2_S2,GS19_GC10_089_E2_S2,89,17,20604.0438483743,25423.3532070373,46027.3970554116,FALSE,97,No,AMOR
GS19_GC10_090_E1_S1,GS19_GC10_090_E1_S1,90,17,138796.786604257,76872.3044869383,215669.091091195,FALSE,97,No,AMOR
GS19_GC10_091_E1_S1,GS19_GC10_091_E1_S1,91,17,258234.950474331,120823.17660314,379058.127077471,FALSE,97,No,AMOR
GS19_GC10_092_E1_S1,GS19_GC10_092_E1_S1,92,17,185535.22004554,112455.013409332,297990.233454872,FALSE,97,No,AMOR
GS19_GC10_093_E1_S1,GS19_GC10_093_E1_S1,93,17,27817.4015070429,5693.49440517805,33510.895912221,FALSE,97,No,AMOR
GS19_GC10_094_E1_S1,GS19_GC10_094_E1_S1,94,17,314437.74441129,154518.553740169,468956.298151459,FALSE,97,No,AMOR
GS19_GC10_095_E1_S1,GS19_GC10_095_E1_S1,95,17,29547.7418881089,5660.5626812756,35208.3045693845,FALSE,97,No,AMOR
GS19_GC10_096_E1_S1,GS19_GC10_096_E1_S1,96,17,21907.8972226098,1111.96179869314,23019.8590213029,FALSE,97,No,AMOR
GS19_GC10_097_E1_S1,GS19_GC10_097_E1_S1,97,17,23359.0679168701,4153.38897705079,27512.4568939209,FALSE,97,No,AMOR
GS19_GC10_098_E1_S1,GS19_GC10_098_E1_S1,98,17,183258.811768412,115543.448802961,298802.260571373,FALSE,97,No,AMOR
GS19_GC10_099_E1_S1,GS19_GC10_099_E1_S1,99,17,20877.1679282847,2009.3799296005,22886.5478578852,FALSE,97,No,AMOR
GS19_GC10_100_E1_S1,GS19_GC10_100_E1_S1,100,17,18293.2402636554,2009.3799296005,20302.6201932559,FALSE,97,No,AMOR
GS19_GC10_101_E1_S1,GS19_GC10_101_E1_S1,101,17,623452.232186362,205825.1838922,829277.416078562,FALSE,97,No,AMOR
GS19_GC10_102_E1_S1,GS19_GC10_102_E1_S1,102,17,119915.531907126,53733.6388703819,173649.170777508,FALSE,97,No,AMOR
GS19_GC10_103_E1_S1,GS19_GC10_103_E1_S1,103,17,274969.072750106,118811.340925758,393780.413675864,FALSE,97,No,AMOR
GS19_GC10_104_E1_S1,GS19_GC10_104_E1_S1,104,17,16585.6346143922,411.64889217058,16997.2835065628,FALSE,97,No,AMOR
GS19_GC10_105_E1_S1,GS19_GC10_105_E1_S1,105,17,309861.575855929,115963.810709267,425825.386565196,FALSE,97,No,AMOR
GS19_GC10_106_E1_S1,GS19_GC10_106_E1_S1,106,17,24856.1908764467,3508.64553983327,28364.83641628,FALSE,97,No,AMOR
GS19_GC10_107_E1_S1,GS19_GC10_107_E1_S1,107,17,184743.245442708,96589.1883486793,281332.433791387,FALSE,97,No,AMOR
GS19_GC10_108_E1_S1,GS19_GC10_108_E1_S1,108,17,22954.4183655423,1726.01691865224,24680.4352841945,FALSE,97,No,AMOR
GS19_GC10_109_E1_S1,GS19_GC10_109_E1_S1,109,17,41290.5728753238,10380.6674161697,51671.2402914935,FALSE,97,No,AMOR
GS19_GC10_110_E1_S1,GS19_GC10_110_E1_S1,R,17,132334.552453636,41025.8573644302,173360.409818066,FALSE,97,No,AMOR
GS19_GC10_110_E2_S1,GS19_GC10_110_E2_S1,110,17,132334.552453636,41025.8573644302,173360.409818066,FALSE,97,No,AMOR
GS19_GC10_111_E1_S1,GS19_GC10_111_E1_S1,111,17,536962.937216722,153822.990592199,690785.927808921,FALSE,97,No,AMOR
GS19_GC10_112_E1_S1,GS19_GC10_112_E1_S1,112,17,430921.836521314,161702.197530996,592624.03405231,FALSE,97,No,AMOR
GS19_GC10_113_E1_S1,GS19_GC10_113_E1_S1,113,17,320120.297945463,130161.886948806,450282.184894269,FALSE,97,No,AMOR
GS19_GC10_114_E1_S1,GS19_GC10_114_E1_S1,114,17,512335.328494801,217173.806358786,729509.134853587,FALSE,97,No,AMOR
GS19_GC10_115_E1_S1,GS19_GC10_115_E1_S1,115,17,387347.557697821,214568.111874641,601915.669572462,FALSE,97,No,AMOR
GS19_GC10_116_E1_S1,GS19_GC10_116_E1_S1,116,17,347422.544417842,181487.859910534,528910.404328376,FALSE,97,No,AMOR
GS19_GC10_117_E1_S1,GS19_GC10_117_E1_S1,117,17,851422.155835108,302504.031500501,1153926.18733561,FALSE,97,No,AMOR
GS19_GC10_118_E1_S1,GS19_GC10_118_E1_S1,118,17,549986.065089581,206525.646450564,756511.711540145,FALSE,97,No,AMOR
GS19_GC10_119_E1_S1,GS19_GC10_119_E1_S1,119,17,166551.668589352,121172.184252557,287723.852841909,FALSE,97,No,AMOR
GS19_GC10_120_E1_S1,GS19_GC10_120_E1_S1,120,17,144318.295195175,65473.2572390268,209791.552434202,FALSE,97,No,AMOR
GS19_GC10_121_E1_S1,GS19_GC10_121_E1_S1,121,17,299893.084365422,137034.961562167,436928.045927589,FALSE,97,No,AMOR
GS19_GC10_122_E1_S1,GS19_GC10_122_E1_S1,122,17,220637.735247336,85957.7948975175,306595.530144854,FALSE,97,No,AMOR
GS19_GC10_123_E1_S1,GS19_GC10_123_E1_S1,123,17,115835.389223966,74457.3766534979,190292.765877464,FALSE,97,No,AMOR
GS19_GC10_124_E1_S1,GS19_GC10_124_E1_S1,124,17,134163.593796064,55688.0159198113,189851.609715875,FALSE,97,No,AMOR
GS19_GC10_125_E1_S1,GS19_GC10_125_E1_S1,125,17,146227.803498434,84599.2258533581,230827.029351792,FALSE,97,No,AMOR
GS19_GC10_126_E1_S1,GS19_GC10_126_E1_S1,126,17,161503.549055619,88766.7309154163,250270.279971035,FALSE,97,No,AMOR
GS19_GC10_127_E1_S1,GS19_GC10_127_E1_S1,127,17,95778.3438942649,39461.4479758523,135239.791870117,FALSE,97,No,AMOR
GS19_GC10_128_E1_S1,GS19_GC10_128_E1_S1,128,17,70470.1098766956,29062.4870048775,99532.5968815731,FALSE,97,No,AMOR
GS19_GC10_129_E1_S1,GS19_GC10_129_E1_S1,129,17,178054.874126727,51554.5639624963,229609.438089223,FALSE,97,No,AMOR
GS19_GC10_130_E1_S1,GS19_GC10_130_E1_S1,130,17,101030.864789792,39499.9864036471,140530.851193439,FALSE,97,No,AMOR
GS19_GC10_131_E1_S1,GS19_GC10_131_E1_S1,131,17,68010.0608774708,33569.4922636239,101579.553141095,FALSE,97,No,AMOR
GS19_GC10_132_E1_S1,GS19_GC10_132_E1_S1,132,17,59103.7052933888,26015.3493573589,85119.0546507477,FALSE,97,No,AMOR
GS19_GC10_133_E1_S1,GS19_GC10_133_E1_S1,133,17,89189.5408401946,24336.818306746,113526.359146941,FALSE,97,No,AMOR
GS19_GC10_133_E2_S1,GS19_GC10_133_E2_S1,133,17,89189.5408401946,24336.818306746,113526.359146941,FALSE,97,No,AMOR
GS19_GC10_134_E1_S1,GS19_GC10_134_E1_S1,134,17,32795.1569747032,15830.1364621736,48625.2934368768,FALSE,97,No,AMOR
GS19_GC10_135_E1_S1,GS19_GC10_135_E1_S1,135,17,52373.1305332257,13858.8702816761,66232.0008149018,FALSE,97,No,AMOR
GS19_GC10_135_E1_S2,GS19_GC10_135_E1_S2,135,17,52373.1305332257,13858.8702816761,66232.0008149018,FALSE,97,No,AMOR
GS19_GC10_136_E1_S1,GS19_GC10_136_E1_S1,136,17,6645.73454264246,529.99978311659,7175.73432575905,FALSE,97,No,AMOR
GS19_GC10_137_E1_S1,GS19_GC10_137_E1_S1,R,17,10010.6966316828,918.44932425456,10929.1459559374,FALSE,97,No,AMOR
GS19_GC10_137_E1_S2,GS19_GC10_137_E1_S2,137,17,10010.6966316828,918.44932425456,10929.1459559374,FALSE,97,No,AMOR
GS19_GC10_138_E1_S1,GS19_GC10_138_E1_S1,R,17,25649.1800633872,7142.48273430802,32791.6627976952,FALSE,97,No,AMOR
GS19_GC10_138_E1_S2,GS19_GC10_138_E1_S2,138,17,25649.1800633872,7142.48273430802,32791.6627976952,FALSE,97,No,AMOR
GS19_GC10_139_E1_S1,GS19_GC10_139_E1_S1,R,17,8413.00914920946,593.61421778702,9006.62336699648,FALSE,97,No,AMOR
GS19_GC10_139_E1_S2,GS19_GC10_139_E1_S2,139,17,8413.00914920946,593.61421778702,9006.62336699648,FALSE,97,No,AMOR
GS19_GC10_140_E1_S1,GS19_GC10_140_E1_S1,R,R,NA,NA,NA,TRUE,97,No,AMOR
GS19_GC10_140_E1_S2,GS19_GC10_140_E1_S2,R,R,NA,NA,NA,TRUE,97,No,AMOR
GS19_GC10_140_E2_S1,GS19_GC10_140_E2_S1,140,17,466850.32029226,192181.997348608,659032.317640868,FALSE,97,No,AMOR
GS19_GC10_141_E1_S1,GS19_GC10_141_E1_S1,R,17,67880.4051806355,33558.0636186209,101438.468799256,FALSE,97,No,AMOR
GS19_GC10_141_E1_S2,GS19_GC10_141_E1_S2,141,17,67880.4051806355,33558.0636186209,101438.468799256,FALSE,97,No,AMOR
GS19_GC10_142_E1_S1,GS19_GC10_142_E1_S1,142,17,6955.1513671875,517.28982925415,7472.44119644165,FALSE,97,No,AMOR
GS19_GC10_143_E1_S1,GS19_GC10_143_E1_S1,R,17,48891.0055440465,33375.298486997,82266.3040310435,FALSE,97,No,AMOR
GS19_GC10_143_E1_S2,GS19_GC10_143_E1_S2,143,17,48891.0055440465,33375.298486997,82266.3040310435,FALSE,97,No,AMOR
GS19_GC10_144_E1_S1,GS19_GC10_144_E1_S1,144,17,62399.8615103709,31522.7140123456,93922.5755227165,FALSE,97,No,AMOR
GS19_GC10_145_E1_S1,GS19_GC10_145_E1_S1,145,17,104396.813657103,29795.3685792555,134192.182236359,FALSE,97,No,AMOR
GS19_GC10_146_E1_S1,GS19_GC10_146_E1_S1,146,17,75632.2420560396,25479.3805540723,101111.622610112,FALSE,97,No,AMOR
GS19_GC10_147_E1_S1,GS19_GC10_147_E1_S1,147,17,97179.7335464343,39320.967682695,136500.701229129,FALSE,97,No,AMOR
GS19_GC10_148_E1_S1,GS19_GC10_148_E1_S1,148,17,47932.5560439332,25474.8756042806,73407.4316482138,FALSE,97,No,AMOR
GS19_GC10_149_E1_S1,GS19_GC10_149_E1_S1,149,17,72905.6605586299,30919.1480095003,103824.80856813,FALSE,97,No,AMOR
GS19_GC10_150_E1_S1,GS19_GC10_150_E1_S1,150,17,38061.0721334986,17461.0770812569,55522.1492147555,FALSE,97,No,AMOR
GS19_GC10_151_E1_S1,GS19_GC10_151_E1_S1,151,17,61095.6031857557,29779.4989957154,90875.1021814711,FALSE,97,No,AMOR
GS19_GC10_152_E1_S1,GS19_GC10_152_E1_S1,R,R,NA,NA,NA,TRUE,97,No,AMOR
GS19_GC10_152_E2_S1,GS19_GC10_152_E2_S1,152,17,9725.87973983199,914.21243585186,10640.0921756839,FALSE,97,No,AMOR
GS19_GC10_153_E1_S1,GS19_GC10_153_E1_S1,R,R,NA,NA,NA,TRUE,97,No,AMOR
GS19_GC10_153_E2_S1,GS19_GC10_153_E2_S1,153,17,7546.94093631793,0,7546.94093631793,FALSE,97,No,AMOR
GS19_GC10_154_E1_S1,GS19_GC10_154_E1_S1,R,R,NA,NA,NA,TRUE,97,No,AMOR
GS19_GC10_154_E2_S1,GS19_GC10_154_E2_S1,154,17,27928.4824598704,12157.5563948676,40086.038854738,FALSE,97,No,AMOR
GS19_GC10_155_E1_S1,GS19_GC10_155_E1_S1,155,17,29727.0405365052,18174.8113574169,47901.8518939221,FALSE,97,No,AMOR
GS19_GC10_156_E1_S1,GS19_GC10_156_E1_S1,156,17,15045.3109895029,4473.18025173679,19518.4912412397,FALSE,97,No,AMOR
GS19_GC10_157_E1_S1,GS19_GC10_157_E1_S1,157,17,49348.6001457967,25036.9750278096,74385.5751736063,FALSE,97,No,AMOR
GS19_GC10_158_E1_S1,GS19_GC10_158_E1_S1,158,17,75682.6710056615,37671.8598443108,113354.530849972,FALSE,97,No,AMOR
GS19_GC10_159_E1_S1,GS19_GC10_159_E1_S1,159,17,80091.3639557667,25717.47364142,105808.837597187,FALSE,97,No,AMOR
GS19_GC10_160_E1_S1,GS19_GC10_160_E1_S1,160,17,40271.5965701045,36763.0673848513,77034.6639549558,FALSE,97,No,AMOR
GS19_GC10_161_E1_S1,GS19_GC10_161_E1_S1,161,17,39378.5038400204,22696.3830501476,62074.886890168,FALSE,97,No,AMOR
GS19_GC10_162_E1_S1,GS19_GC10_162_E1_S1,162,17,61501.6102279204,31291.5065257846,92793.116753705,FALSE,97,No,AMOR
GS19_GC10_163_E1_S1,GS19_GC10_163_E1_S1,163,17,46146.225143265,29206.2382121662,75352.4633554312,FALSE,97,No,AMOR
GS19_GC10_164_E1_S1,GS19_GC10_164_E1_S1,164,17,38944.3251190993,20504.887898763,59449.2130178623,FALSE,97,No,AMOR
GS19_GC10_165_E1_S1,GS19_GC10_165_E1_S1,165,17,7923.50095068187,2344.62448227953,10268.1254329614,FALSE,97,No,AMOR
GS19_GC10_166_E1_S1,GS19_GC10_166_E1_S1,166,17,6080.33348532284,2344.62448227953,8424.95796760237,FALSE,97,No,AMOR
GS19_GC10_167_E1_S1,GS19_GC10_167_E1_S1,167,17,28463.7553901604,19579.8754050018,48043.6307951622,FALSE,97,No,AMOR
GS19_GC10_168_E1_S1,GS19_GC10_168_E1_S1,168,17,52740.3608351895,24514.855131946,77255.2159671355,FALSE,97,No,AMOR
GS19_GC10_169_E1_S1,GS19_GC10_169_E1_S1,169,17,68834.6563855874,21098.2028629752,89932.8592485626,FALSE,97,No,AMOR
GS19_GC10_169_E2_S1,GS19_GC10_169_E2_S1,R,R,NA,NA,NA,TRUE,97,No,AMOR
GS19_GC10_170_E1_S1,GS19_GC10_170_E1_S1,170,17,132936.808877362,48382.7510993638,181319.559976726,FALSE,97,No,AMOR
GS19_GC10_171_E1_S1,GS19_GC10_171_E1_S1,171,17,59263.0707181977,45392.2687749104,104655.339493108,FALSE,97,No,AMOR
GS19_GC10_172_E1_S1,GS19_GC10_172_E1_S1,172,17,46624.4000490471,26592.1229204255,73216.5229694726,FALSE,97,No,AMOR
GS19_GC10_172_E2_S1,GS19_GC10_172_E2_S1,R,R,NA,NA,NA,TRUE,97,No,AMOR
GS19_GC10_173_E1_S1,GS19_GC10_173_E1_S1,173,17,6929.63437831149,31145.239485071,38074.8738633825,FALSE,97,No,AMOR
GS19_GC05_003,GS19_GC05_3cm,3,16,61096211.231203,87412447.1334586,148508658.364662,FALSE,100,No,AMOR
GS19_GC05_005,GS19_GC05_5cm,5,16,15949581.583498,28938509.7579051,44888091.3414031,FALSE,100,No,AMOR
GS19_GC05_010,GS19_GC05_10cm,10,16,8808762.32770913,2033738.74910884,10842501.076818,FALSE,100,No,AMOR
GS19_GC05_020,GS19_GC05_20cm,R,R,5729733.75822368,4871959.0724859,10601692.8307096,FALSE,100,No,AMOR
GS19_GC05_030,GS19_GC05_30cm,30,16,4629955.52970766,2636244.9033417,7266200.43304936,FALSE,100,No,AMOR
GS19_GC05_040,GS19_GC05_40cm,40,16,3530177.30119163,2008117.62828307,5538294.9294747,FALSE,100,No,AMOR
GS19_GC05_050,GS19_GC05_50cm,R,R,4033092.88024902,3802922.4395752,7836015.31982422,FALSE,100,No,AMOR
GS19_GC05_060,GS19_GC05_60cm,R,R,3417930.18285779,1904629.47237319,5322559.65523098,FALSE,100,No,AMOR
GS19_GC05_070,GS19_GC05_70cm,R,R,4203609.81826241,3565385.36125887,7768995.17952128,FALSE,100,No,AMOR
GS19_GC05_080,GS19_GC05_80cm,80,16,2807957.07295374,1213096.10278581,4021053.17573955,FALSE,100,No,AMOR
GS19_GC05_100,GS19_GC05_100cm,R,R,3120552.93885379,1766562.25321525,4887115.19206904,FALSE,100,No,AMOR
GS19_GC05_102.5,GS19_GC05_102_5cm,102.5,16,4257795.19869587,1646043.19174459,5903838.39044046,FALSE,100,No,AMOR
GS19_GC05_105,GS19_GC05_105cm,105,16,4273063.64802004,654349.011137285,4927412.65915733,FALSE,100,No,AMOR
GS19_GC05_107.5,GS19_GC05_107_5cm,107.5,16,3766477.58483887,866506.099700928,4632983.6845398,FALSE,100,No,AMOR
GS19_GC05_110,GS19_GC05_110cm,110,16,3814075.23777174,515516.330884851,4329591.56865659,FALSE,100,No,AMOR
GS19_GC05_112.5,GS19_GC05_112_5cm,112.5,16,3576673.95550272,419232.310419497,3995906.26592222,FALSE,100,No,AMOR
GS19_GC05_115,GS19_GC05_115cm,115,16,3974371.29579741,601624.629579741,4575995.92537715,FALSE,100,No,AMOR
GS19_GC05_130,GS19_GC05_130cm,130,16,3118478.81070144,41359.6091510581,3159838.4198525,FALSE,100,No,AMOR
GS19_GC05_160,GS19_GC05_160cm,160,16,1785431.08258929,41359.6091510581,1826790.69174035,FALSE,100,No,AMOR
GS19_GC05_B1-9,GS19_GC05_B1_9,B,B,2762880.67157452,nan,nan,TRUE,100,No,AMOR
GS19_GC05_B10-18,GS19_GC05_B10_18,B,B,2762880.67157452,nan,nan,TRUE,100,No,AMOR
GS19_GC05_B21-39,GS19_GC05_B21_39,B,B,2762880.67157452,nan,nan,TRUE,100,No,AMOR
GS19_GC05_190,GS19_GC05_190cm,190,16,1785431.08258929,20789.5623945946,1806220.64498388,FALSE,100,No,AMOR
GS19_GC05_220,GS19_GC05_220cm,220,16,1785431.08258929,136323.091423369,1921754.17401266,FALSE,100,No,AMOR
GS19_GC05_250,GS19_GC05_250cm,R,R,1785431.08258929,21305.9918633823,1806737.07445267,FALSE,100,No,AMOR
GS19_GC05_260,GS19_GC05_260cm,R,R,1785431.08258929,21305.9918633823,1806737.07445267,FALSE,100,No,AMOR
GS19_GC05_272,GS19_GC05_272cm,R,R,1785431.08258929,110952.361242068,1896383.44383136,FALSE,100,No,AMOR
GS19_GC05_276,GS19_GC05_276cm,276,16,1785431.08258929,25899.3363538325,1811330.41894312,FALSE,100,No,AMOR
GS19_GC05_286,GS19_GC05_280cm,286,16,1785431.08258929,89960.6120542407,1875391.69464353,FALSE,100,No,AMOR
GS19_GC05_280,GS19_GC05_286cm,280,16,1785431.08258929,55721.6131036932,1841152.69569298,FALSE,100,No,AMOR
GS19_GC05_306,GS19_GC05_306cm,306,16,1680729.68064693,3550.61112788686,1684280.29177482,FALSE,100,No,AMOR
GS19_GC05_310,GS19_GC05_310cm,310,16,1680729.68064693,44264.8061116536,1724994.48675858,FALSE,100,No,AMOR
GS19_GC05_313,GS19_GC05_313cm,313,16,1680729.68064693,79887.0485220382,1760616.72916897,FALSE,100,No,AMOR
GS19_GC05_315,GS19_GC05_315cm,315,16,1680729.68064693,82344.5619252335,1763074.24257216,FALSE,100,No,AMOR
GS19_GC05_322,GS19_GC05_322cm,R,R,1680729.68064693,7220.01522077053,1687949.6958677,FALSE,100,No,AMOR
GS19_GC05_328,GS19_GC05_328cm,328,16,1680729.68064693,39087.2758977553,1719816.95654469,FALSE,100,No,AMOR
GS19_GC05_333,GS19_GC05_333cm,333,16,1680729.68064693,35016.0605690696,1715745.741216,FALSE,100,No,AMOR
GS19_GC05_340,GS19_GC05_340cm,340,16,1680729.68064693,15556.1137843776,1696285.79443131,FALSE,100,No,AMOR
GS19_GC05_342,GS19_GC05_342cm,342,16,1680729.68064693,5962.68532492898,1686692.36597186,FALSE,100,No,AMOR
GS19_GC05_363,GS19_GC05_363cm,363,16,1680729.68064693,20946.2749640751,1701675.95561101,FALSE,100,No,AMOR
GS19_GC05_370,GS19_GC05_370cm,370,16,1680729.68064693,63235.5225043789,1743965.20315131,FALSE,100,No,AMOR
GS19_GC05_020_S2,GS19_GC05_020_S2,20,16,5729733.75822368,4871959.0724859,10601692.8307096,FALSE,100,No,AMOR
GS19_GC05_050_S2,GS19_GC05_050_S2,50,16,4033092.88024902,3802922.4395752,7836015.31982422,FALSE,100,No,AMOR
GS19_GC05_060_S2,GS19_GC05_060_S2,60,16,3417930.18285779,1904629.47237319,5322559.65523098,FALSE,100,No,AMOR
GS19_GC05_070_S2,GS19_GC05_070_S2,70,16,4203609.81826241,3565385.36125887,7768995.17952128,FALSE,100,No,AMOR
GS19_GC05_100_S2,GS19_GC05_100_S2,100,16,3120552.93885379,1766562.25321525,4887115.19206904,FALSE,100,No,AMOR
GS19_GC05_250_S2,GS19_GC05_250_S2,250,16,1785431.08258929,21305.9918633823,1806737.07445267,FALSE,100,No,AMOR
GS19_GC05_260_S2,GS19_GC05_260_S2,260,16,1785431.08258929,21305.9918633823,1806737.07445267,FALSE,100,No,AMOR
GS19_GC05_272_S2,GS19_GC05_272_S2,272,16,1785431.08258929,110952.361242068,1896383.44383136,FALSE,100,No,AMOR
GS19_GC05_322_S2,GS19_GC05_322_S2,322,16,1680729.68064693,7220.01522077053,1687949.6958677,FALSE,100,No,AMOR
GS21_GC07_5,GS21_GC07_5,5,23,nan,nan,nan,TRUE,2,nan,AMOR
GS21_GC07_10,GS21_GC07_10,10,23,nan,nan,nan,TRUE,2,nan,AMOR
GS21_GC07_20,GS21_GC07_20,20,23,nan,nan,nan,TRUE,2,nan,AMOR
GS21_GC07_30,GS21_GC07_30,30,23,nan,nan,nan,TRUE,2,nan,AMOR
GS21_GC07_40,GS21_GC07_40,40,23,nan,nan,nan,TRUE,2,nan,AMOR
GS21_GC07_50,GS21_GC07_50,50,23,nan,nan,nan,TRUE,2,nan,AMOR
GS21_GC07_60,GS21_GC07_60,60,23,nan,nan,nan,TRUE,2,nan,AMOR
GS21_GC07_B,GS21_GC07_B,B,B,nan,nan,nan,TRUE,nan,nan,AMOR
GS21_GC08_5,GS21_GC08_5,5,24,nan,nan,nan,TRUE,7,nan,AMOR
GS21_GC08_10,GS21_GC08_10,10,24,nan,nan,nan,TRUE,7,nan,AMOR
GS21_GC08_20,GS21_GC08_20,20,24,nan,nan,nan,TRUE,7,nan,AMOR
GS21_GC08_30,GS21_GC08_30,30,24,nan,nan,nan,TRUE,7,nan,AMOR
GS21_GC08_40,GS21_GC08_40,40,24,nan,nan,nan,TRUE,7,nan,AMOR
GS21_GC08_50,GS21_GC08_50,50,24,nan,nan,nan,TRUE,7,nan,AMOR
GS21_GC08_75,GS21_GC08_75,75,24,nan,nan,nan,TRUE,7,nan,AMOR
GS21_GC08_100,GS21_GC08_100,100,24,nan,nan,nan,TRUE,7,nan,AMOR
GS21_GC08_110,GS21_GC08_110,110,24,nan,nan,nan,TRUE,7,nan,AMOR
GS21_GC08_B,GS21_GC08_B,B,B,nan,nan,nan,TRUE,nan,nan,AMOR
KH22_GC02_5,KH22_240_GC02_5cm,5,25,nan,nan,nan,TRUE,4,nan,AMOR
KH22_GC02_7,KH22_240_GC02_7cm,7,25,nan,nan,nan,TRUE,4,nan,AMOR
KH22_GC02_10,KH22_240_GC02_10cm,10,25,nan,nan,nan,TRUE,4,nan,AMOR
KH22_GC02_11,KH22_240_GC02_11cm,11,25,nan,nan,nan,TRUE,4,nan,AMOR
KH22_GC02_12,KH22_240_GC02_12cm,12,25,nan,nan,nan,TRUE,4,nan,AMOR
KH22_GC02_13,KH22_240_GC02_13cm,13,25,nan,nan,nan,TRUE,4,nan,AMOR
KH22_GC02_15,KH22_240_GC02_15cm,15,25,nan,nan,nan,TRUE,4,nan,AMOR
KH22_GC02_20,KH22_240_GC02_20cm,20,25,nan,nan,nan,TRUE,4,nan,AMOR
KH22_GC02_30,KH22_240_GC02_30cm,30,25,nan,nan,nan,TRUE,4,nan,AMOR
KH22_GC02_40,KH22_240_GC02_40cm,40,25,nan,nan,nan,TRUE,4,nan,AMOR
KH22_GC02_50,KH22_240_GC02_50cm,50,25,nan,nan,nan,TRUE,4,nan,AMOR
KH22_GC02_75,KH22_240_GC02_75cm,75,25,nan,nan,nan,TRUE,4,nan,AMOR
KH22_GC02_100,KH22_240_GC02_100cm,100,25,nan,nan,nan,TRUE,4,nan,AMOR
KH22_GC02_130,KH22_240_GC02_130cm,130,25,nan,nan,nan,TRUE,4,nan,AMOR
KH22_GC02_160,KH22_240_GC02_160cm,160,25,nan,nan,nan,TRUE,4,nan,AMOR
KH22_GC02_190,KH22_240_GC02_190cm,190,25,nan,nan,nan,TRUE,4,nan,AMOR
KH22_GC02_210,KH22_240_GC02_210cm,210,25,nan,nan,nan,TRUE,4,nan,AMOR
KH22_GC02_220,KH22_240_GC02_220cm,220,25,nan,nan,nan,TRUE,4,nan,AMOR
KH22_GC02_250,KH22_240_GC02_250cm,250,25,nan,nan,nan,TRUE,4,nan,AMOR
KH22_GC02_255,KH22_240_GC02_255cm,255,25,nan,nan,nan,TRUE,4,nan,AMOR
KH22_GC02_258,KH22_240_GC02_258cm,258,25,nan,nan,nan,TRUE,4,nan,AMOR
KH22_GC02_290,KH22_240_GC02_290cm,290,25,nan,nan,nan,TRUE,4,nan,AMOR
KH22_Extraction_B1,KH22_Extraction_B1,B,B,nan,nan,nan,TRUE,nan,nan,AMOR
KH22_Extraction_B2,KH22_Extraction_B2,B,B,nan,nan,nan,TRUE,nan,nan,AMOR
KH22_PCR_B,KH22_PCR_B,B,B,nan,nan,nan,TRUE,nan,nan,AMOR
JC_JC_S000,DRR172429,1,33,nan,nan,nan,TRUE,nan,nan,Pacific
JC_JC_S002,DRR172430,3,33,nan,nan,nan,TRUE,nan,nan,Pacific
JC_JC_S004,DRR172431,5,33,nan,nan,nan,TRUE,nan,nan,Pacific
JC_JC_S006,DRR172432,7,33,nan,nan,nan,TRUE,nan,nan,Pacific
JC_JC_S008,DRR172433,9,33,nan,nan,nan,TRUE,nan,nan,Pacific
JC_JC_S010,DRR172434,12.5,33,nan,nan,nan,TRUE,nan,nan,Pacific
JC_JC_S020,DRR172435,22.5,33,nan,nan,nan,TRUE,nan,nan,Pacific
JC_JC_S037,DRR172436,40.5,33,nan,nan,nan,TRUE,nan,nan,Pacific
IO1-1_IO1-1_S000,DRR172378,1,26,nan,nan,nan,TRUE,nan,nan,Pacific
IO1-1_IO1-1_S002,DRR172379,3,26,nan,nan,nan,TRUE,nan,nan,Pacific
IO1-1_IO1-1_S004,DRR172380,5,26,nan,nan,nan,TRUE,nan,nan,Pacific
IO1-1_IO1-1_S006,DRR172381,7,26,nan,nan,nan,TRUE,nan,nan,Pacific
IO1-1_IO1-1_S008,DRR172382,9,26,nan,nan,nan,TRUE,nan,nan,Pacific
IO1-1_IO1-1_S015,DRR172383,17.5,26,nan,nan,nan,TRUE,nan,nan,Pacific
IO1-1_IO1-1_S025,DRR172384,27,26,nan,nan,nan,TRUE,nan,nan,Pacific
IO1-2_IO1-2_S000,DRR172385,0.5,27,nan,nan,nan,TRUE,nan,nan,Pacific
IO1-2_IO1-2_S002,DRR172386,2.5,27,nan,nan,nan,TRUE,nan,nan,Pacific
IO1-2_IO1-2_S004,DRR172387,4.5,27,nan,nan,nan,TRUE,nan,nan,Pacific
IO1-2_IO1-2_S006,DRR172388,6.5,27,nan,nan,nan,TRUE,nan,nan,Pacific
IO1-2_IO1-2_S008,DRR172389,8.5,27,nan,nan,nan,TRUE,nan,nan,Pacific
IO1-2_IO1-2_S009,DRR172390,9.5,27,nan,nan,nan,TRUE,nan,nan,Pacific
IO1-2_IO1-2_S010,DRR172391,12.5,27,nan,nan,nan,TRUE,nan,nan,Pacific
IO1-2_IO1-2_S020,DRR172392,22.5,27,nan,nan,nan,TRUE,nan,nan,Pacific
IO3_IO3_S000,DRR172393,1,28,nan,nan,nan,TRUE,17.5,nan,Pacific
IO3_IO3_S004,DRR172394,5,28,nan,nan,nan,TRUE,17.5,nan,Pacific
IO3_IO3_S008,DRR172395,9,28,nan,nan,nan,TRUE,17.5,nan,Pacific
IO3_IO3_S010,DRR172396,12.5,28,nan,nan,nan,TRUE,17.5,nan,Pacific
IO3_IO3_S015,DRR172397,17.5,28,nan,nan,nan,TRUE,17.5,nan,Pacific
IOA_IOA_S000,DRR172398,0.3,29,nan,nan,nan,TRUE,nan,nan,Pacific
IOA_IOA_S002,DRR172399,1.8,29,nan,nan,nan,TRUE,nan,nan,Pacific
IOA_IOA_S003,DRR172400,3.5,29,nan,nan,nan,TRUE,nan,nan,Pacific
IOA_IOA_S004,DRR172401,4.5,29,nan,nan,nan,TRUE,nan,nan,Pacific
IOA_IOA_S005,DRR172402,6,29,nan,nan,nan,TRUE,nan,nan,Pacific
IOA_IOA_S010,DRR172403,12.5,29,nan,nan,nan,TRUE,nan,nan,Pacific
IOB_IOB_S000,DRR172404,4,30,nan,nan,nan,TRUE,nan,nan,Pacific
IOB_IOB_S013,DRR172405,18,30,nan,nan,nan,TRUE,nan,nan,Pacific
IOB_IOB_S033,DRR172406,38,30,nan,nan,nan,TRUE,nan,nan,Pacific
IOB_IOB_S053,DRR172407,58,30,nan,nan,nan,TRUE,nan,nan,Pacific
IOB_IOB_S073,DRR172408,78,30,nan,nan,nan,TRUE,nan,nan,Pacific
IOB_IOB_S093,DRR172409,98,30,nan,nan,nan,TRUE,nan,nan,Pacific
IOB_IOB_S113,DRR172410,118,30,nan,nan,nan,TRUE,nan,nan,Pacific
IOC_IOC_S000,DRR172411,5,31,nan,nan,nan,TRUE,17.5,nan,Pacific
IOC_IOC_S010,DRR172412,12.5,31,nan,nan,nan,TRUE,17.5,nan,Pacific
IOC_IOC_S015,DRR172413,17.5,31,nan,nan,nan,TRUE,17.5,nan,Pacific
IOC_IOC_S020,DRR172414,22.5,31,nan,nan,nan,TRUE,17.5,nan,Pacific
IOC_IOC_S030,DRR172415,32.5,31,nan,nan,nan,TRUE,17.5,nan,Pacific
IOC_IOC_S045,DRR172416,50,31,nan,nan,nan,TRUE,17.5,nan,Pacific
IOC_IOC_S065,DRR172417,70,31,nan,nan,nan,TRUE,17.5,nan,Pacific
IOC_IOC_S085,DRR172418,90,31,nan,nan,nan,TRUE,17.5,nan,Pacific
IOC_IOC_S105,DRR172419,110,31,nan,nan,nan,TRUE,17.5,nan,Pacific
IOC_IOC_S145,DRR172420,150,31,nan,nan,nan,TRUE,17.5,nan,Pacific
IOD_IOD_S000,DRR172421,1.3,32,nan,nan,nan,TRUE,nan,nan,Pacific
IOD_IOD_S003,DRR172422,3.8,32,nan,nan,nan,TRUE,nan,nan,Pacific
IOD_IOD_S005,DRR172423,6.3,32,nan,nan,nan,TRUE,nan,nan,Pacific
IOD_IOD_S008,DRR172424,8.8,32,nan,nan,nan,TRUE,nan,nan,Pacific
IOD_IOD_S010,DRR172425,12.5,32,nan,nan,nan,TRUE,nan,nan,Pacific
IOD_IOD_S015,DRR172426,17.5,32,nan,nan,nan,TRUE,nan,nan,Pacific
IOD_IOD_S020,DRR172427,22.5,32,nan,nan,nan,TRUE,nan,nan,Pacific
IOD_IOD_S025,DRR172428,27.5,32,nan,nan,nan,TRUE,nan,nan,Pacific
MA2_MA2_S000,nan,1,34,nan,nan,nan,TRUE,nan,nan,Pacific
MA2_MA2_S002,DRR172437,3,34,nan,nan,nan,TRUE,nan,nan,Pacific
MA2_MA2_S004,DRR172438,5,34,nan,nan,nan,TRUE,nan,nan,Pacific
MA2_MA2_S010,DRR172439,12.5,34,nan,nan,nan,TRUE,nan,nan,Pacific
MA2_MA2_S020,DRR172440,22.5,34,nan,nan,nan,TRUE,nan,nan,Pacific
MA2_MA2_S030,DRR172441,32.5,34,nan,nan,nan,TRUE,nan,nan,Pacific
MC-1_MC-1_S000,DRR172442,1,35,nan,nan,nan,TRUE,nan,nan,Pacific
MC-1_MC-1_S005,DRR172443,7.5,35,nan,nan,nan,TRUE,nan,nan,Pacific
MC-1_MC-1_S010,DRR172444,12.5,35,nan,nan,nan,TRUE,nan,nan,Pacific
MC-1_MC-1_S020,DRR172445,22.5,35,nan,nan,nan,TRUE,nan,nan,Pacific
MC-1_MC-1_S025,DRR172446,27,35,nan,nan,nan,TRUE,nan,nan,Pacific
MC-2_MC-2_S000,DRR172447,1,36,nan,nan,nan,TRUE,nan,nan,Pacific
MC-2_MC-2_S004,DRR172448,5,36,nan,nan,nan,TRUE,nan,nan,Pacific
MC-2_MC-2_S010,DRR172449,11,36,nan,nan,nan,TRUE,nan,nan,Pacific
MC-2_MC-2_S020,DRR172450,21,36,nan,nan,nan,TRUE,nan,nan,Pacific
MC-2_MC-2_S030,DRR172451,32.5,36,nan,nan,nan,TRUE,nan,nan,Pacific
MC-2_MC-2_S040,DRR172452,42,36,nan,nan,nan,TRUE,nan,nan,Pacific
MD_MD_S000,DRR172457,1,37,nan,nan,nan,TRUE,nan,nan,Pacific
MD_MD_S002,DRR172458,3.5,37,nan,nan,nan,TRUE,nan,nan,Pacific
MD_MD_S005,DRR172459,7.5,37,nan,nan,nan,TRUE,nan,nan,Pacific
MD_MD_S015,DRR172460,17.5,37,nan,nan,nan,TRUE,nan,nan,Pacific
ME_ME_S000,DRR172461,1,38,nan,nan,nan,TRUE,nan,nan,Pacific
ME_ME_S002,DRR172462,3.5,38,nan,nan,nan,TRUE,nan,nan,Pacific
ME_ME_S005,DRR172463,7.5,38,nan,nan,nan,TRUE,nan,nan,Pacific
ME_ME_S010,DRR172464,12.5,38,nan,nan,nan,TRUE,nan,nan,Pacific
ME_ME_S015,DRR177286,17.5,38,nan,nan,nan,TRUE,nan,nan,Pacific
ME_ME_S020,DRR177287,22.5,38,nan,nan,nan,TRUE,nan,nan,Pacific
ME_ME_S025,DRR177288,27.5,38,nan,nan,nan,TRUE,nan,nan,Pacific
ME_ME_S030,DRR177289,32.5,38,nan,nan,nan,TRUE,nan,nan,Pacific
MF_MF_S000,DRR177290,1,39,nan,nan,nan,TRUE,nan,nan,Pacific
MF_MF_S002,DRR177291,3.5,39,nan,nan,nan,TRUE,nan,nan,Pacific
MF_MF_S005,DRR177292,7.5,39,nan,nan,nan,TRUE,nan,nan,Pacific
MF_MF_S015,DRR177293,17.5,39,nan,nan,nan,TRUE,nan,nan,Pacific
KN223_S15_1890_1,SRR10488720,1890,40,nan,nan,nan,TRUE,0,nan,Atlantic
KN223_S15_370_1,SRR10488721,370,40,nan,nan,nan,TRUE,0,nan,Atlantic
KN223_S15_1740_4,SRR10488722,1740,40,nan,nan,nan,TRUE,0,nan,Atlantic
KN223_S15_1740_3,SRR10488723,1740,40,nan,nan,nan,TRUE,0,nan,Atlantic
KN223_S15_1740_2,SRR10488724,1740,40,nan,nan,nan,TRUE,0,nan,Atlantic
KN223_S15_1740_1,SRR10488725,1740,40,nan,nan,nan,TRUE,0,nan,Atlantic
KN223_S15_1590_4,SRR10488726,1590,40,nan,nan,nan,TRUE,0,nan,Atlantic
KN223_S15_1590_3,SRR10488727,1590,40,nan,nan,nan,TRUE,0,nan,Atlantic
KN223_S15_1590_2,SRR10488728,1590,40,nan,nan,nan,TRUE,0,nan,Atlantic
KN223_S15_1590_1,SRR10488729,1590,40,nan,nan,nan,TRUE,0,nan,Atlantic
KN223_S15_1430_4,SRR10488730,1430,40,nan,nan,nan,TRUE,0,nan,Atlantic
KN223_S15_1430_3,SRR10488731,1430,40,nan,nan,nan,TRUE,0,nan,Atlantic
KN223_S15_210_4,SRR10488732,210,40,nan,nan,nan,TRUE,0,nan,Atlantic
KN223_S15_1430_2,SRR10488733,1430,40,nan,nan,nan,TRUE,0,nan,Atlantic
KN223_S15_1430_1,SRR10488734,1430,40,nan,nan,nan,TRUE,0,nan,Atlantic
KN223_S15_1280_4,SRR10488735,1280,40,nan,nan,nan,TRUE,0,nan,Atlantic
KN223_S15_1280_2,SRR10488736,1280,40,nan,nan,nan,TRUE,0,nan,Atlantic
KN223_S15_1280_1,SRR10488737,1280,40,nan,nan,nan,TRUE,0,nan,Atlantic
KN223_S15_1120_4,SRR10488738,1120,40,nan,nan,nan,TRUE,0,nan,Atlantic
KN223_S15_1120_2,SRR10488739,1120,40,nan,nan,nan,TRUE,0,nan,Atlantic
KN223_S15_1120_1,SRR10488740,1120,40,nan,nan,nan,TRUE,0,nan,Atlantic
KN223_S15_970_3,SRR10488741,970,40,nan,nan,nan,TRUE,0,nan,Atlantic
KN223_S15_970_2,SRR10488742,970,40,nan,nan,nan,TRUE,0,nan,Atlantic
KN223_S15_210_3,SRR10488743,210,40,nan,nan,nan,TRUE,0,nan,Atlantic
KN223_S15_970_1,SRR10488744,970,40,nan,nan,nan,TRUE,0,nan,Atlantic
KN223_S15_820_3,SRR10488745,820,40,nan,nan,nan,TRUE,0,nan,Atlantic
KN223_S15_820_2,SRR10488746,820,40,nan,nan,nan,TRUE,0,nan,Atlantic
KN223_S15_820_1,SRR10488747,820,40,nan,nan,nan,TRUE,0,nan,Atlantic
KN223_S15_670_4,SRR10488748,670,40,nan,nan,nan,TRUE,0,nan,Atlantic
KN223_S15_670_3,SRR10488749,670,40,nan,nan,nan,TRUE,0,nan,Atlantic
KN223_S15_670_2,SRR10488750,670,40,nan,nan,nan,TRUE,0,nan,Atlantic
KN223_S15_670_1,SRR10488751,670,40,nan,nan,nan,TRUE,0,nan,Atlantic
KN223_S15_520_4,SRR10488752,520,40,nan,nan,nan,TRUE,0,nan,Atlantic
KN223_S15_520_3,SRR10488753,520,40,nan,nan,nan,TRUE,0,nan,Atlantic
KN223_S15_210_2,SRR10488754,210,40,nan,nan,nan,TRUE,0,nan,Atlantic
KN223_S15_210_1,SRR10488755,210,40,nan,nan,nan,TRUE,0,nan,Atlantic
KN223_S15_520_2,SRR10488756,520,40,nan,nan,nan,TRUE,0,nan,Atlantic
KN223_S15_520_1,SRR10488757,520,40,nan,nan,nan,TRUE,0,nan,Atlantic
KN223_S15_370_4,SRR10488758,370,40,nan,nan,nan,TRUE,0,nan,Atlantic
KN223_S15_2820_4,SRR10488759,2820,40,nan,nan,nan,TRUE,0,nan,Atlantic
KN223_S15_2820_3,SRR10488760,2820,40,nan,nan,nan,TRUE,0,nan,Atlantic
KN223_S15_2820_2,SRR10488761,2820,40,nan,nan,nan,TRUE,0,nan,Atlantic
KN223_S15_2820_1,SRR10488762,2820,40,nan,nan,nan,TRUE,0,nan,Atlantic
KN223_S15_2660_4,SRR10488763,2660,40,nan,nan,nan,TRUE,0,nan,Atlantic
KN223_S15_2660_3,SRR10488764,2660,40,nan,nan,nan,TRUE,0,nan,Atlantic
KN223_S15_2660_2,SRR10488765,2660,40,nan,nan,nan,TRUE,0,nan,Atlantic
KN223_S15_370_3,SRR10488766,370,40,nan,nan,nan,TRUE,0,nan,Atlantic
KN223_S15_2660_1,SRR10488767,2660,40,nan,nan,nan,TRUE,0,nan,Atlantic
KN223_S15_2520_4,SRR10488768,2520,40,nan,nan,nan,TRUE,0,nan,Atlantic
KN223_S15_2520_3,SRR10488769,2520,40,nan,nan,nan,TRUE,0,nan,Atlantic
KN223_S15_2520_2,SRR10488770,2520,40,nan,nan,nan,TRUE,0,nan,Atlantic
KN223_S15_2350_4,SRR10488771,2350,40,nan,nan,nan,TRUE,0,nan,Atlantic
KN223_S15_2350_3,SRR10488772,2350,40,nan,nan,nan,TRUE,0,nan,Atlantic
KN223_S15_2350_2,SRR10488773,2350,40,nan,nan,nan,TRUE,0,nan,Atlantic
KN223_S15_2350_1,SRR10488774,2350,40,nan,nan,nan,TRUE,0,nan,Atlantic
KN223_S15_2220_4,SRR10488775,2220,40,nan,nan,nan,TRUE,0,nan,Atlantic
KN223_S15_2220_3,SRR10488776,2220,40,nan,nan,nan,TRUE,0,nan,Atlantic
KN223_S15_370_2,SRR10488777,370,40,nan,nan,nan,TRUE,0,nan,Atlantic
KN223_S15_2220_2,SRR10488778,2220,40,nan,nan,nan,TRUE,0,nan,Atlantic
KN223_S15_2220_1,SRR10488779,2220,40,nan,nan,nan,TRUE,0,nan,Atlantic
KN223_S15_2040_4,SRR10488780,2040,40,nan,nan,nan,TRUE,0,nan,Atlantic
KN223_S15_2040_3,SRR10488781,2040,40,nan,nan,nan,TRUE,0,nan,Atlantic
KN223_S15_2040_2,SRR10488782,2040,40,nan,nan,nan,TRUE,0,nan,Atlantic
KN223_S15_2040_1,SRR10488783,2040,40,nan,nan,nan,TRUE,0,nan,Atlantic
KN223_S15_1890_4,SRR10488784,1890,40,nan,nan,nan,TRUE,0,nan,Atlantic
KN223_S15_1890_3,SRR10488785,1890,40,nan,nan,nan,TRUE,0,nan,Atlantic
KN223_S15_1890_2,SRR10488786,1890,40,nan,nan,nan,TRUE,0,nan,Atlantic
KN223_S11_10,SRR8589870,10,41,nan,nan,nan,TRUE,nan,nan,Atlantic
KN223_S11_20,SRR8589871,20,41,nan,nan,nan,TRUE,nan,nan,Atlantic
KN223_S11_22,SRR8589872,22,41,nan,nan,nan,TRUE,nan,nan,Atlantic
KN223_S11_90,SRR8589873,90,41,nan,nan,nan,TRUE,nan,nan,Atlantic
KN223_S11_170,SRR8589866,170,41,nan,nan,nan,TRUE,nan,nan,Atlantic
KN223_S11_240,SRR8589867,240,41,nan,nan,nan,TRUE,nan,nan,Atlantic
KN223_S11_280,SRR8589868,280,41,nan,nan,nan,TRUE,nan,nan,Atlantic
KN223_S11_320,SRR8589869,320,41,nan,nan,nan,TRUE,nan,nan,Atlantic
KN223_S11_430,SRR8589874,430,41,nan,nan,nan,TRUE,nan,nan,Atlantic
KN223_S11_580,SRR8589875,580,41,nan,nan,nan,TRUE,nan,nan,Atlantic
KN223_S11_740,SRR8589830,740,41,nan,nan,nan,TRUE,nan,nan,Atlantic
KN223_S11_890,SRR8589831,890,41,nan,nan,nan,TRUE,nan,nan,Atlantic
KN223_S11_1040,SRR8589832,1040,41,nan,nan,nan,TRUE,nan,nan,Atlantic
KN223_S11_1200,SRR8589833,1200,41,nan,nan,nan,TRUE,nan,nan,Atlantic
KN223_S11_1350,SRR8589834,1350,41,nan,nan,nan,TRUE,nan,nan,Atlantic
KN223_S11_1500,SRR8589835,1500,41,nan,nan,nan,TRUE,nan,nan,Atlantic
KN223_S11_1650,SRR8589836,1650,41,nan,nan,nan,TRUE,nan,nan,Atlantic
KN223_S12_10,SRR8589837,10,42,nan,nan,nan,TRUE,nan,nan,Atlantic
KN223_S12_13,SRR8589838,13,42,nan,nan,nan,TRUE,nan,nan,Atlantic
KN223_S12_26,SRR8589839,26,42,nan,nan,nan,TRUE,nan,nan,Atlantic
KN223_S12_90,SRR8589863,90,42,nan,nan,nan,TRUE,nan,nan,Atlantic
KN223_S12_114,SRR8589864,114,42,nan,nan,nan,TRUE,nan,nan,Atlantic
KN223_S12_170,SRR8589862,170,42,nan,nan,nan,TRUE,nan,nan,Atlantic
KN223_S12_200,SRR8589859,200,42,nan,nan,nan,TRUE,nan,nan,Atlantic
KN223_S12_280,SRR8589865,280,42,nan,nan,nan,TRUE,nan,nan,Atlantic
KN223_S12_350,SRR8589858,350,42,nan,nan,nan,TRUE,nan,nan,Atlantic
KN223_S12_510,SRR8589861,510,42,nan,nan,nan,TRUE,nan,nan,Atlantic
KN223_S12_660,SRR8589860,660,42,nan,nan,nan,TRUE,nan,nan,Atlantic
KN223_S12_810,SRR8589857,810,42,nan,nan,nan,TRUE,nan,nan,Atlantic
IODP336_U1383E_50,SRR7786897,50,43,nan,nan,nan,TRUE,nan,nan,North Pond
IODP336_U1383E_350,SRR7786898,350,43,nan,nan,nan,TRUE,nan,nan,North Pond
IODP336_U1383E_500,SRR7786895,500,43,nan,nan,nan,TRUE,nan,nan,North Pond
IODP336_U1383E_790,SRR7786896,790,43,nan,nan,nan,TRUE,nan,nan,North Pond
IODP336_U1383E_1090,SRR7786901,1090,43,nan,nan,nan,TRUE,nan,nan,North Pond
IODP336_U1383E_1550,SRR7786902,1550,43,nan,nan,nan,TRUE,nan,nan,North Pond
IODP336_U1383E_2040,SRR7786899,2040,43,nan,nan,nan,TRUE,nan,nan,North Pond
IODP336_U1383E_2300,SRR7786900,2300,43,nan,nan,nan,TRUE,nan,nan,North Pond
IODP336_U1383E_2450,SRR7786903,2450,43,nan,nan,nan,TRUE,nan,nan,North Pond
IODP336_U1383E_2600,SRR7786904,2600,43,nan,nan,nan,TRUE,nan,nan,North Pond
IODP336_U1383E_2750,SRR7786883,2750,43,nan,nan,nan,TRUE,nan,nan,North Pond
IODP336_U1383E_2900,SRR7786884,2900,43,nan,nan,nan,TRUE,nan,nan,North Pond
IODP336_U1383E_3050,SRR7786881,3050,43,nan,nan,nan,TRUE,nan,nan,North Pond
IODP336_U1383E_3370,SRR7786882,3370,43,nan,nan,nan,TRUE,nan,nan,North Pond
IODP336_U1383E_3670,SRR7786887,3670,43,nan,nan,nan,TRUE,nan,nan,North Pond
IODP336_U1383E_3970,SRR7786888,3970,43,nan,nan,nan,TRUE,nan,nan,North Pond
IODP336_U1383E_4250,SRR7786885,4250,43,nan,nan,nan,TRUE,nan,nan,North Pond
IODP336_U1383E_4680,SRR7786886,4680,43,nan,nan,nan,TRUE,nan,nan,North Pond
IODP336_U1383E_4800,SRR7786889,4800,43,nan,nan,nan,TRUE,nan,nan,North Pond
IODP336_U1384A_8390,SRR7786893,8390,44,nan,nan,nan,TRUE,nan,nan,North Pond
IODP336_U1384A_8690,SRR7786879,8690,44,nan,nan,nan,TRUE,nan,nan,North Pond
IODP336_U1384A_9150,SRR7786894,9150,44,nan,nan,nan,TRUE,nan,nan,North Pond
IODP336_U1384A_100,SRR7786890,100,44,nan,nan,nan,TRUE,nan,nan,North Pond
IODP336_U1384A_250,SRR7786868,250,44,nan,nan,nan,TRUE,nan,nan,North Pond
IODP336_U1384A_420,SRR7786867,420,44,nan,nan,nan,TRUE,nan,nan,North Pond
IODP336_U1384A_650,SRR7786866,650,44,nan,nan,nan,TRUE,nan,nan,North Pond
IODP336_U1384A_1240,SRR7786865,1240,44,nan,nan,nan,TRUE,nan,nan,North Pond
IODP336_U1384A_1680,SRR7786872,1680,44,nan,nan,nan,TRUE,nan,nan,North Pond
IODP336_U1384A_2120,SRR7786871,2120,44,nan,nan,nan,TRUE,nan,nan,North Pond
IODP336_U1384A_2520,SRR7786870,2520,44,nan,nan,nan,TRUE,nan,nan,North Pond
IODP336_U1384A_2830,SRR7786869,2830,44,nan,nan,nan,TRUE,nan,nan,North Pond
IODP336_U1384A_3120,SRR7786863,3120,44,nan,nan,nan,TRUE,nan,nan,North Pond
IODP336_U1384A_3550,SRR7786862,3550,44,nan,nan,nan,TRUE,nan,nan,North Pond
IODP336_U1384A_3880,SRR7786876,3880,44,nan,nan,nan,TRUE,nan,nan,North Pond
IODP336_U1384A_4040,SRR7786877,4040,44,nan,nan,nan,TRUE,nan,nan,North Pond
IODP336_U1384A_4680,SRR7786878,4680,44,nan,nan,nan,TRUE,nan,nan,North Pond
IODP336_U1384A_5100,SRR7786880,5100,44,nan,nan,nan,TRUE,nan,nan,North Pond
IODP336_U1384A_5450,SRR7786864,5450,44,nan,nan,nan,TRUE,nan,nan,North Pond
IODP336_U1384A_6000,SRR7786875,6000,44,nan,nan,nan,TRUE,nan,nan,North Pond
IODP336_U1384A_6450,SRR7786873,6450,44,nan,nan,nan,TRUE,nan,nan,North Pond
IODP336_U1384A_6930,SRR7786874,6930,44,nan,nan,nan,TRUE,nan,nan,North Pond
IODP336_U1384A_7440,SRR7786891,7440,44,nan,nan,nan,TRUE,nan,nan,North Pond
IODP336_U1384A_7730,SRR7786892,7730,44,nan,nan,nan,TRUE,nan,nan,North Pond
SCS_SCS002_1,SRR11088621,1,45,nan,nan,nan,TRUE,nan,nan,SCS
SCS_SCS002_10,SRR11088620,10,45,nan,nan,nan,TRUE,nan,nan,SCS
SCS_SCS002_190,SRR11088575,190,45,nan,nan,nan,TRUE,nan,nan,SCS
SCS_SCS002_2,SRR11088564,2,45,nan,nan,nan,TRUE,nan,nan,SCS
SCS_SCS002_290,SRR11088553,290,45,nan,nan,nan,TRUE,nan,nan,SCS
SCS_SCS002_30,SRR11088542,30,45,nan,nan,nan,TRUE,nan,nan,SCS
SCS_SCS002_390,SRR11088531,390,45,nan,nan,nan,TRUE,nan,nan,SCS
SCS_SCS002_490,SRR11088520,490,45,nan,nan,nan,TRUE,nan,nan,SCS
SCS_SCS002_50,SRR11088509,50,45,nan,nan,nan,TRUE,nan,nan,SCS
SCS_SCS002_590,SRR11088498,590,45,nan,nan,nan,TRUE,nan,nan,SCS
SCS_SCS002_6,SRR11088619,6,45,nan,nan,nan,TRUE,nan,nan,SCS
SCS_SCS002_690,SRR11088608,690,45,nan,nan,nan,TRUE,nan,nan,SCS
SCS_SCS002_790,SRR11088597,790,45,nan,nan,nan,TRUE,nan,nan,SCS
SCS_SCS002_90,SRR11088586,90,45,nan,nan,nan,TRUE,nan,nan,SCS
SCS_SCS003_1,SRR11088581,1,46,nan,nan,nan,TRUE,nan,nan,SCS
SCS_SCS003_10,SRR11088580,10,46,nan,nan,nan,TRUE,nan,nan,SCS
SCS_SCS003_190,SRR11088579,190,46,nan,nan,nan,TRUE,nan,nan,SCS
SCS_SCS003_2,SRR11088578,2,46,nan,nan,nan,TRUE,nan,nan,SCS
SCS_SCS003_290,SRR11088577,290,46,nan,nan,nan,TRUE,nan,nan,SCS
SCS_SCS003_30,SRR11088576,30,46,nan,nan,nan,TRUE,nan,nan,SCS
SCS_SCS003_390,SRR11088574,390,46,nan,nan,nan,TRUE,nan,nan,SCS
SCS_SCS003_490,SRR11088573,490,46,nan,nan,nan,TRUE,nan,nan,SCS
SCS_SCS003_50,SRR11088572,50,46,nan,nan,nan,TRUE,nan,nan,SCS
SCS_SCS003_590,SRR11088571,590,46,nan,nan,nan,TRUE,nan,nan,SCS
SCS_SCS003_6,SRR11088570,6,46,nan,nan,nan,TRUE,nan,nan,SCS
SCS_SCS003_690,SRR11088569,690,46,nan,nan,nan,TRUE,nan,nan,SCS
SCS_SCS003_90,SRR11088568,90,46,nan,nan,nan,TRUE,nan,nan,SCS
SCS_SCS004_1,SRR11088567,1,47,nan,nan,nan,TRUE,nan,nan,SCS
SCS_SCS004_10,SRR11088566,10,47,nan,nan,nan,TRUE,nan,nan,SCS
SCS_SCS004_190,SRR11088565,190,47,nan,nan,nan,TRUE,nan,nan,SCS
SCS_SCS004_2,SRR11088563,2,47,nan,nan,nan,TRUE,nan,nan,SCS
SCS_SCS004_290,SRR11088562,290,47,nan,nan,nan,TRUE,nan,nan,SCS
SCS_SCS004_30,SRR11088561,30,47,nan,nan,nan,TRUE,nan,nan,SCS
SCS_SCS004_390,SRR11088560,390,47,nan,nan,nan,TRUE,nan,nan,SCS
SCS_SCS004_490,SRR11088559,490,47,nan,nan,nan,TRUE,nan,nan,SCS
SCS_SCS004_50,SRR11088558,50,47,nan,nan,nan,TRUE,nan,nan,SCS
SCS_SCS004_590,SRR11088557,590,47,nan,nan,nan,TRUE,nan,nan,SCS
SCS_SCS004_6,SRR11088556,6,47,nan,nan,nan,TRUE,nan,nan,SCS
SCS_SCS004_690,SRR11088555,690,47,nan,nan,nan,TRUE,nan,nan,SCS
SCS_SCS004_90,SRR11088554,90,47,nan,nan,nan,TRUE,nan,nan,SCS
SCS_SCS005_1,SRR11088552,1,48,nan,nan,nan,TRUE,nan,nan,SCS
SCS_SCS005_10,SRR11088551,10,48,nan,nan,nan,TRUE,nan,nan,SCS
SCS_SCS005_190,SRR11088550,190,48,nan,nan,nan,TRUE,nan,nan,SCS
SCS_SCS005_2,SRR11088549,2,48,nan,nan,nan,TRUE,nan,nan,SCS
SCS_SCS005_290,SRR11088548,290,48,nan,nan,nan,TRUE,nan,nan,SCS
SCS_SCS005_30,SRR11088547,30,48,nan,nan,nan,TRUE,nan,nan,SCS
SCS_SCS005_390,SRR11088546,390,48,nan,nan,nan,TRUE,nan,nan,SCS
SCS_SCS005_490,SRR11088545,490,48,nan,nan,nan,TRUE,nan,nan,SCS
SCS_SCS005_50,SRR11088544,50,48,nan,nan,nan,TRUE,nan,nan,SCS
SCS_SCS005_590,SRR11088543,590,48,nan,nan,nan,TRUE,nan,nan,SCS
SCS_SCS005_6,SRR11088541,6,48,nan,nan,nan,TRUE,nan,nan,SCS
SCS_SCS005_90,SRR11088540,90,48,nan,nan,nan,TRUE,nan,nan,SCS
SCS_SCS006_1,SRR11088539,1,49,nan,nan,nan,TRUE,nan,nan,SCS
SCS_SCS006_10,SRR11088538,10,49,nan,nan,nan,TRUE,nan,nan,SCS
SCS_SCS006_190,SRR11088537,190,49,nan,nan,nan,TRUE,nan,nan,SCS
SCS_SCS006_2,SRR11088536,2,49,nan,nan,nan,TRUE,nan,nan,SCS
SCS_SCS006_290,SRR11088535,290,49,nan,nan,nan,TRUE,nan,nan,SCS
SCS_SCS006_30,SRR11088534,30,49,nan,nan,nan,TRUE,nan,nan,SCS
SCS_SCS006_390,SRR11088533,390,49,nan,nan,nan,TRUE,nan,nan,SCS
SCS_SCS006_490,SRR11088532,490,49,nan,nan,nan,TRUE,nan,nan,SCS
SCS_SCS006_50,SRR11088530,50,49,nan,nan,nan,TRUE,nan,nan,SCS
SCS_SCS006_590,SRR11088529,590,49,nan,nan,nan,TRUE,nan,nan,SCS
SCS_SCS006_6,SRR11088528,6,49,nan,nan,nan,TRUE,nan,nan,SCS
SCS_SCS006_690,SRR11088527,690,49,nan,nan,nan,TRUE,nan,nan,SCS
SCS_SCS006_790,SRR11088526,790,49,nan,nan,nan,TRUE,nan,nan,SCS
SCS_SCS006_90,SRR11088525,90,49,nan,nan,nan,TRUE,nan,nan,SCS
SCS_SCS007_1,SRR11088524,1,50,nan,nan,nan,TRUE,nan,nan,SCS
SCS_SCS007_10,SRR11088523,10,50,nan,nan,nan,TRUE,nan,nan,SCS
SCS_SCS007_190,SRR11088522,190,50,nan,nan,nan,TRUE,nan,nan,SCS
SCS_SCS007_2,SRR11088521,2,50,nan,nan,nan,TRUE,nan,nan,SCS
SCS_SCS007_290,SRR11088519,290,50,nan,nan,nan,TRUE,nan,nan,SCS
SCS_SCS007_30,SRR11088518,30,50,nan,nan,nan,TRUE,nan,nan,SCS
SCS_SCS007_390,SRR11088517,390,50,nan,nan,nan,TRUE,nan,nan,SCS
SCS_SCS007_490,SRR11088516,490,50,nan,nan,nan,TRUE,nan,nan,SCS
SCS_SCS007_50,SRR11088515,50,50,nan,nan,nan,TRUE,nan,nan,SCS
SCS_SCS007_590,SRR11088514,590,50,nan,nan,nan,TRUE,nan,nan,SCS
SCS_SCS007_6,SRR11088513,6,50,nan,nan,nan,TRUE,nan,nan,SCS
SCS_SCS007_690,SRR11088512,690,50,nan,nan,nan,TRUE,nan,nan,SCS
SCS_SCS007_90,SRR11088511,90,50,nan,nan,nan,TRUE,nan,nan,SCS
SCS_SCS008_1,SRR11088510,1,51,nan,nan,nan,TRUE,nan,nan,SCS
SCS_SCS008_10,SRR11088508,10,51,nan,nan,nan,TRUE,nan,nan,SCS
SCS_SCS008_190,SRR11088507,190,51,nan,nan,nan,TRUE,nan,nan,SCS
SCS_SCS008_2,SRR11088506,2,51,nan,nan,nan,TRUE,nan,nan,SCS
SCS_SCS008_290,SRR11088505,290,51,nan,nan,nan,TRUE,nan,nan,SCS
SCS_SCS008_30,SRR11088504,30,51,nan,nan,nan,TRUE,nan,nan,SCS
SCS_SCS008_390,SRR11088503,390,51,nan,nan,nan,TRUE,nan,nan,SCS
SCS_SCS008_490,SRR11088502,490,51,nan,nan,nan,TRUE,nan,nan,SCS
SCS_SCS008_50,SRR11088501,50,51,nan,nan,nan,TRUE,nan,nan,SCS
SCS_SCS008_590,SRR11088500,590,51,nan,nan,nan,TRUE,nan,nan,SCS
SCS_SCS008_6,SRR11088499,6,51,nan,nan,nan,TRUE,nan,nan,SCS
SCS_SCS008_690,SRR11088497,690,51,nan,nan,nan,TRUE,nan,nan,SCS
SCS_SCS008_790,SRR11088496,790,51,nan,nan,nan,TRUE,nan,nan,SCS
SCS_SCS008_90,SRR11088495,90,51,nan,nan,nan,TRUE,nan,nan,SCS
SCS_SCS009_1,SRR11088494,1,52,nan,nan,nan,TRUE,nan,nan,SCS
SCS_SCS009_10,SRR11088493,10,52,nan,nan,nan,TRUE,nan,nan,SCS
SCS_SCS009_190,SRR11088492,190,52,nan,nan,nan,TRUE,nan,nan,SCS
SCS_SCS009_2,SRR11088491,2,52,nan,nan,nan,TRUE,nan,nan,SCS
SCS_SCS009_290,SRR11088490,290,52,nan,nan,nan,TRUE,nan,nan,SCS
SCS_SCS009_30,SRR11088489,30,52,nan,nan,nan,TRUE,nan,nan,SCS
SCS_SCS009_390,SRR11088488,390,52,nan,nan,nan,TRUE,nan,nan,SCS
SCS_SCS009_490,SRR11088618,490,52,nan,nan,nan,TRUE,nan,nan,SCS
SCS_SCS009_50,SRR11088617,50,52,nan,nan,nan,TRUE,nan,nan,SCS
SCS_SCS009_590,SRR11088616,590,52,nan,nan,nan,TRUE,nan,nan,SCS
SCS_SCS009_6,SRR11088615,6,52,nan,nan,nan,TRUE,nan,nan,SCS
SCS_SCS009_690,SRR11088614,690,52,nan,nan,nan,TRUE,nan,nan,SCS
SCS_SCS009_790,SRR11088613,790,52,nan,nan,nan,TRUE,nan,nan,SCS
SCS_SCS009_90,SRR11088612,90,52,nan,nan,nan,TRUE,nan,nan,SCS
SCS_SCS010_1,SRR11088611,1,53,nan,nan,nan,TRUE,nan,nan,SCS
SCS_SCS010_10,SRR11088610,10,53,nan,nan,nan,TRUE,nan,nan,SCS
SCS_SCS010_190,SRR11088609,190,53,nan,nan,nan,TRUE,nan,nan,SCS
SCS_SCS010_2,SRR11088607,2,53,nan,nan,nan,TRUE,nan,nan,SCS
SCS_SCS010_290,SRR11088606,290,53,nan,nan,nan,TRUE,nan,nan,SCS
SCS_SCS010_30,SRR11088605,30,53,nan,nan,nan,TRUE,nan,nan,SCS
SCS_SCS010_390,SRR11088604,390,53,nan,nan,nan,TRUE,nan,nan,SCS
SCS_SCS010_490,SRR11088603,490,53,nan,nan,nan,TRUE,nan,nan,SCS
SCS_SCS010_50,SRR11088602,50,53,nan,nan,nan,TRUE,nan,nan,SCS
SCS_SCS010_590,SRR11088601,590,53,nan,nan,nan,TRUE,nan,nan,SCS
SCS_SCS010_6,SRR11088600,6,53,nan,nan,nan,TRUE,nan,nan,SCS
SCS_SCS010_690,SRR11088599,690,53,nan,nan,nan,TRUE,nan,nan,SCS
SCS_SCS010_90,SRR11088598,90,53,nan,nan,nan,TRUE,nan,nan,SCS
SCS_SCS011_1,SRR11088596,1,54,nan,nan,nan,TRUE,nan,nan,SCS
SCS_SCS011_10,SRR11088595,10,54,nan,nan,nan,TRUE,nan,nan,SCS
SCS_SCS011_190,SRR11088594,190,54,nan,nan,nan,TRUE,nan,nan,SCS
SCS_SCS011_2,SRR11088593,2,54,nan,nan,nan,TRUE,nan,nan,SCS
SCS_SCS011_290,SRR11088592,290,54,nan,nan,nan,TRUE,nan,nan,SCS
SCS_SCS011_30,SRR11088591,30,54,nan,nan,nan,TRUE,nan,nan,SCS
SCS_SCS011_390,SRR11088590,390,54,nan,nan,nan,TRUE,nan,nan,SCS
SCS_SCS011_490,SRR11088589,490,54,nan,nan,nan,TRUE,nan,nan,SCS
SCS_SCS011_50,SRR11088588,50,54,nan,nan,nan,TRUE,nan,nan,SCS
SCS_SCS011_590,SRR11088587,590,54,nan,nan,nan,TRUE,nan,nan,SCS
SCS_SCS011_6,SRR11088585,6,54,nan,nan,nan,TRUE,nan,nan,SCS
SCS_SCS011_690,SRR11088584,690,54,nan,nan,nan,TRUE,nan,nan,SCS
SCS_SCS011_790,SRR11088583,790,54,nan,nan,nan,TRUE,nan,nan,SCS
SCS_SCS011_90,SRR11088582,90,54,nan,nan,nan,TRUE,nan,nan,SCS
